;Powierzchnia.m2;Odleglosc.od.centrum;Liczba.pokoi;Pietro;Rok.budowy.budynku;Stan.mieszkania;Dzielnica.Bemowo;Dzielnica.Bialoleka;Dzielnica.Bielany;Dzielnica.Mokotów;Dzielnica.Ochota;Dzielnica.Praga.Pld.;Dzielnica.Praga.Pln.;Dzielnica.Rembertów;Dzielnica.Sródmiescie;Dzielnica.Targówek;Dzielnica.Ursus;Dzielnica.Ursynów;Dzielnica.Wawer;Dzielnica.Wesola;Dzielnica.Wilanów;Dzielnica.Wlochy;Dzielnica.Wola;Dzielnica.Zoliborz;Typ.wlasnosci.hipoteczne;Typ.wlasnosci.spól.wl.;Typ.wlasnosci.spóldzielcze;Typ.wlasnosci.wlasnosciowe;Cena.transakcyjna.1m2
1;17;3,5;1;2;1960;2;0;0;0;0;1;0;0;0;0;0;0;0;0;0;0;0;0;0;1;0;0;0;9,411764706
2;20;5,8;1;NA;1956;2;0;0;0;0;0;1;0;0;0;0;0;0;0;0;0;0;0;0;1;0;0;0;8
3;29;4,2;1;1;1963;2;0;0;0;1;0;0;0;0;0;0;0;0;0;0;0;0;0;0;0;0;0;1;7,75862069
4;32;2,2;2;4;1977;5;0;0;0;0;0;0;0;0;1;0;0;0;0;0;0;0;0;0;1;0;0;0;9,375
5;36;6,4;2;6;1960;5;0;0;0;0;0;0;0;0;0;0;0;0;0;0;0;0;1;0;0;0;0;1;6,944444444
6;37;10,2;2;2;1970;4;0;0;0;0;0;0;0;0;0;1;0;0;0;0;0;0;0;0;0;0;0;1;6,756756757
7;38;3,8;2;8;1980;5;0;0;0;0;0;1;0;0;0;0;0;0;0;0;0;0;0;0;0;0;0;1;7,105263158
8;38;1,5;2;5;1970;4;0;0;0;0;0;0;0;0;1;0;0;0;0;0;0;0;0;0;0;0;0;1;8,289473684
9;38;1,7;2;8;1966;2;0;0;0;0;0;0;0;0;0;0;0;0;0;0;0;0;1;0;1;0;0;0;7,763157895
10;39;3,3;2;1;1950;4;0;0;0;0;0;0;0;0;0;0;0;0;0;0;0;0;1;0;1;0;0;0;7
11;44;4,5;2;3;2002;5;0;0;0;0;0;1;0;0;0;0;0;0;0;0;0;0;0;0;1;0;0;0;10,22727273
12;47;5,5;2;3;1963;4;0;0;0;0;0;0;0;0;0;0;0;0;0;0;0;0;0;1;0;0;0;1;9,446808511
13;47;10,3;3;3;1968;2;0;0;0;0;0;0;0;0;0;1;0;0;0;0;0;0;0;0;0;0;0;1;5,680851064
14;49;2,2;3;2;1979;4;0;0;0;0;0;0;1;0;0;0;0;0;0;0;0;0;0;0;0;0;0;1;7,244897959
15;49;11,7;3;4;2001;5;0;0;0;0;0;0;0;0;0;0;0;1;0;0;0;0;0;0;1;0;0;0;9,897959184
16;49;6,9;3;NA;1965;2;0;0;0;0;0;0;0;0;0;0;0;0;0;0;0;0;1;0;0;0;0;1;6,12244898
17;50;5,9;2;4;1980;2;0;0;0;0;0;1;0;0;0;0;0;0;0;0;0;0;0;0;1;0;0;0;5,8
18;52;9,6;3;3;1980;4;0;0;0;0;0;0;0;0;0;0;0;1;0;0;0;0;0;0;0;0;0;1;8,057692308
19;65;5,6;2;5;2008;3;0;0;0;0;1;0;0;0;0;0;0;0;0;0;0;0;0;0;1;0;0;0;8,076923077
20;83;11,1;4;NA;2000;5;0;0;0;0;0;0;0;0;0;0;0;1;0;0;0;0;0;0;1;0;0;0;7,698795181
21;25;3;1;3;1960;2;0;0;0;0;0;0;0;0;1;0;0;0;0;0;0;0;0;0;0;0;0;1;9,4
22;27;6,4;1;5;1974;2;0;0;0;1;0;0;0;0;0;0;0;0;0;0;0;0;0;0;0;0;0;1;7,518518519
23;27;3,7;1;NA;1969;4;0;0;0;0;0;0;0;0;0;0;0;0;0;0;0;0;1;0;1;0;0;0;7,87037037
24;28;5,2;1;2;1946;4;0;0;0;0;0;0;0;0;0;0;0;0;0;0;0;0;0;1;0;0;0;1;9,178571429
25;35;2,2;2;1;1970;4;0;0;0;0;0;0;0;0;1;0;0;0;0;0;0;0;0;0;1;0;0;0;8,228571429
26;37;3,1;2;5;1967;5;0;0;0;1;0;0;0;0;0;0;0;0;0;0;0;0;0;0;0;0;0;1;10
27;37;5,3;1;1;1957;2;0;0;0;0;0;0;0;0;0;0;0;0;0;0;0;0;0;1;1;0;0;0;7,432432432
28;38;3,8;2;1;1970;4;0;0;0;0;0;1;0;0;0;0;0;0;0;0;0;0;0;0;0;0;0;1;7,868421053
29;47;5,2;2;2;1963;2;0;0;0;0;0;1;0;0;0;0;0;0;0;0;0;0;0;0;1;0;0;0;6,021276596
30;50;4,6;2;5;1999;5;0;0;0;0;0;0;0;0;0;0;0;0;0;0;0;0;1;0;0;0;0;1;7,8
31;51;8;2;7;1976;4;1;0;0;0;0;0;0;0;0;0;0;0;0;0;0;0;0;0;0;0;0;1;5,980392157
32;51;8;2;1;1993;4;1;0;0;0;0;0;0;0;0;0;0;0;0;0;0;0;0;0;1;0;0;0;6,176470588
33;56;6,9;2;2;2008;5;0;0;0;0;0;0;0;0;0;0;0;0;0;0;1;0;0;0;1;0;0;0;7,142857143
34;61;3,4;2;2;1938;2;0;0;0;0;0;1;0;0;0;0;0;0;0;0;0;0;0;0;1;0;0;0;9,37704918
35;66;5,6;3;5;1981;4;0;0;0;0;0;0;0;0;0;0;0;0;0;0;0;0;0;1;0;0;0;1;7,651515152
36;67;12,9;3;2;2001;5;0;1;0;0;0;0;0;0;0;0;0;0;0;0;0;0;0;0;1;0;0;0;6,119402985
37;82;3,4;4;NA;1936;2;0;0;0;0;0;1;0;0;0;0;0;0;0;0;0;0;0;0;1;0;0;0;10,30487805
38;29;NA;1;4;1954;4;0;0;0;0;0;0;0;0;1;0;0;0;0;0;0;0;0;0;0;0;0;0;6,206896552
39;31;8,4;2;3;1985;4;1;0;0;0;0;0;0;0;0;0;0;0;0;0;0;0;0;0;0;1;0;0;7,741935484
40;33;3,8;1;2;1956;5;0;0;0;0;0;0;0;0;0;0;0;0;0;0;0;0;0;1;1;0;0;0;10,3030303
41;34;NA;1;1;1970;4;0;0;0;0;0;0;0;0;1;0;0;0;0;0;0;0;0;0;0;0;0;0;10,88235294
42;35;1,1;1;2;1953;2;0;0;0;0;0;0;0;0;1;0;0;0;0;0;0;0;0;0;1;0;0;0;10,14285714
43;36;1;2;4;1965;2;0;0;0;0;0;0;0;0;1;0;0;0;0;0;0;0;0;0;0;1;0;0;8,583333333
44;46;7,1;2;NA;1980;4;0;0;0;1;0;0;0;0;0;0;0;0;0;0;0;0;0;0;0;1;0;0;6,695652174
45;46;6,4;2;8;1970;5;1;0;0;0;0;0;0;0;0;0;0;0;0;0;0;0;0;0;0;1;0;0;6,739130435
46;47;NA;3;8;1967;4;0;0;0;0;0;1;0;0;0;0;0;0;0;0;0;0;0;0;0;0;0;0;6,70212766
47;48;7,1;2;3;1994;5;0;0;0;0;0;1;0;0;0;0;0;0;0;0;0;0;0;0;0;1;0;0;9,270833333
48;49;2,6;3;7;1979;4;0;0;0;0;0;0;0;0;1;0;0;0;0;0;0;0;0;0;0;1;0;0;7,755102041
49;49;7,4;3;2;1969;2;0;0;1;0;0;0;0;0;0;0;0;0;0;0;0;0;0;0;0;1;0;0;6,530612245
50;50;8;2;NA;1976;5;1;0;0;0;0;0;0;0;0;0;0;0;0;0;0;0;0;0;0;1;0;0;6,1
51;52;7,6;2;2;1978;NA;0;0;0;0;0;0;0;0;0;0;0;0;0;0;1;0;0;0;0;1;0;0;6,538461538
52;55;0,5;2;3;1957;2;0;0;0;0;0;0;0;0;1;0;0;0;0;0;0;0;0;0;1;0;0;0;8
53;56;7;3;1;1975;4;0;0;0;1;0;0;0;0;0;0;0;0;0;0;0;0;0;0;0;1;0;0;6,357142857
54;58;9,3;3;NA;1986;2;0;0;0;0;0;0;0;0;0;0;0;1;0;0;0;0;0;0;0;1;0;0;6,896551724
55;60;8,5;3;2;1982;5;1;0;0;0;0;0;0;0;0;0;0;0;0;0;0;0;0;0;1;0;0;0;6,5
56;24;9,6;1;3;1966;2;0;0;1;0;0;0;0;0;0;0;0;0;0;0;0;0;0;0;1;0;0;0;6,916666667
57;27;8,2;1;10;1975;4;0;0;1;0;0;0;0;0;0;0;0;0;0;0;0;0;0;0;0;1;0;0;8,814814815
58;27;2,1;1;5;1970;5;0;0;0;0;0;0;0;0;0;0;0;0;0;0;0;0;1;0;0;1;0;0;8,814814815
59;27;2,2;1;4;1980;4;0;0;0;0;0;0;0;0;1;0;0;0;0;0;0;0;0;0;0;1;0;0;7,037037037
60;30;5,3;1;12;1968;4;0;0;0;0;0;0;0;0;0;0;0;0;0;0;0;0;0;1;0;1;0;0;7
61;35;3,8;2;4;1959;4;0;0;0;0;0;1;0;0;0;0;0;0;0;0;0;0;0;0;1;0;0;0;8,857142857
62;37;5,4;2;6;1952;4;0;0;0;0;0;0;1;0;0;0;0;0;0;0;0;0;0;0;1;0;0;0;7,005405405
63;38;9,7;1;2;2009;5;0;0;0;0;0;0;0;0;0;0;0;0;0;0;1;0;0;0;0;0;0;0;7,868421053
64;41;7,1;2;1;1959;5;0;0;1;0;0;0;0;0;0;0;0;0;0;0;0;0;0;0;1;0;0;0;9,024390244
65;42;9,1;2;1;1978;4;0;0;0;0;0;0;0;0;0;0;0;1;0;0;0;0;0;0;0;1;0;0;7,380952381
66;43;12,1;2;7;2001;4;0;0;0;0;0;0;0;0;0;0;0;1;0;0;0;0;0;0;0;1;0;0;8,186046512
67;44;15,4;2;4;1999;5;0;1;0;0;0;0;0;0;0;0;0;0;0;0;0;0;0;0;1;0;0;0;6,590909091
68;44;7,3;2;11;1988;5;0;0;0;0;0;1;0;0;0;0;0;0;0;0;0;0;0;0;1;0;0;0;7,25
69;46;7;2;10;1978;4;0;0;0;1;0;0;0;0;0;0;0;0;0;0;0;0;0;0;0;1;0;0;6,673913043
70;47;2,7;2;5;1957;2;0;0;0;0;0;1;0;0;0;0;0;0;0;0;0;0;0;0;1;0;0;0;8,617021277
71;47;3,7;3;8;1967;4;0;0;0;0;0;1;0;0;0;0;0;0;0;0;0;0;0;0;0;0;0;0;6,70212766
72;48;6,3;3;2;1970;2;0;0;0;0;0;1;0;0;0;0;0;0;0;0;0;0;0;0;0;0;0;0;6,25
73;51;8,4;2;3;1995;2;1;0;0;0;0;0;0;0;0;0;0;0;0;0;0;0;0;0;0;1;0;0;5,784313725
74;51;13,3;2;NA;2004;5;0;0;0;0;0;0;0;1;0;0;0;0;0;0;0;0;0;0;1;0;0;0;6,764705882
75;53;13,2;2;3;2004;5;0;0;0;0;0;0;0;0;0;0;0;1;0;0;0;0;0;0;0;1;0;0;9,433962264
76;61;8,1;3;5;1979;5;0;0;0;0;0;0;0;0;0;1;0;0;0;0;0;0;0;0;0;1;0;0;5,770491803
77;63;2,1;2;6;1920;2;0;0;0;0;0;0;0;0;1;0;0;0;0;0;0;0;0;0;1;0;0;0;7,063492063
78;64;6,7;3;4;1970;5;0;0;0;1;0;0;0;0;0;0;0;0;0;0;0;0;0;0;0;1;0;0;7,109375
79;19;0,6;1;3;1968;2;0;0;0;0;0;0;0;0;0;0;0;0;0;0;0;0;1;0;0;1;0;0;10,10526316
80;20;3,4;1;3;1950;4;0;0;0;0;1;0;0;0;0;0;0;0;0;0;0;0;0;0;1;0;0;0;10
81;24;1,7;1;5;1975;2;0;0;0;0;0;0;0;0;1;0;0;0;0;0;0;0;0;0;0;1;0;0;9,166666667
82;24;9;1;4;1970;5;0;0;1;0;0;0;0;0;0;0;0;0;0;0;0;0;0;0;1;0;0;0;7,916666667
83;27;2,6;2;5;1967;2;0;0;0;0;0;0;0;0;1;0;0;0;0;0;0;0;0;0;0;1;0;0;8,296296296
84;28;2,6;1;3;1968;5;0;0;0;1;0;0;0;0;0;0;0;0;0;0;0;0;0;0;0;1;0;0;9,821428571
85;29;6,9;1;3;1996;5;0;0;0;0;0;0;0;0;0;1;0;0;0;0;0;0;0;0;0;1;0;0;8,965517241
86;29;2,7;1;6;1970;2;0;0;0;0;0;1;0;0;0;0;0;0;0;0;0;0;0;0;0;1;0;0;7,413793103
87;31;7,6;1;5;1975;5;0;0;0;1;0;0;0;0;0;0;0;0;0;0;0;0;0;0;0;1;0;0;7,741935484
88;31;7;1;10;1975;4;0;0;0;1;0;0;0;0;0;0;0;0;0;0;0;0;0;0;0;1;0;0;7,741935484
89;32;3,6;1;9;2006;5;0;0;0;0;0;0;0;0;1;0;0;0;0;0;0;0;0;0;1;0;0;0;12,89375
90;37;2,2;1;6;1955;2;0;0;0;0;0;0;0;0;1;0;0;0;0;0;0;0;0;0;1;0;0;0;7,77027027
91;38;6,9;2;4;1976;2;0;0;1;0;0;0;0;0;0;0;0;0;0;0;0;0;0;0;0;1;0;0;7,210526316
92;38;5,9;2;1;1968;2;0;0;0;0;0;0;0;0;0;0;0;0;0;0;0;0;0;1;0;1;0;0;8,026315789
93;39;7,5;2;3;2003;4;1;0;0;0;0;0;0;0;0;0;0;0;0;0;0;0;0;0;1;0;0;0;9,487179487
94;40;5,3;3;5;1950;5;0;0;0;1;0;0;0;0;0;0;0;0;0;0;0;0;0;0;1;0;0;0;10,625
95;46;10,5;2;NA;1975;4;0;0;0;0;0;0;0;0;0;1;0;0;0;0;0;0;0;0;0;1;0;0;5,543478261
96;48;10,5;2;4;1980;4;0;0;0;0;0;0;0;0;0;0;0;1;0;0;0;0;0;0;0;0;1;0;7,166666667
97;48;8,4;2;3;1953;4;0;0;1;0;0;0;0;0;0;0;0;0;0;0;0;0;0;0;1;0;0;0;8,291666667
98;52;11,2;2;6;2001;4;0;0;0;0;0;0;0;0;0;0;0;1;0;0;0;0;0;0;0;0;1;0;7,836538462
99;54;8,2;2;2;1938;5;0;0;1;0;0;0;0;0;0;0;0;0;0;0;0;0;0;0;1;0;0;0;6,833333333
100;54;6,2;2;12;1979;4;0;0;0;1;0;0;0;0;0;0;0;0;0;0;0;0;0;0;0;1;0;0;6,018518519
101;54;8,8;2;2;1999;5;1;0;0;0;0;0;0;0;0;0;0;0;0;0;0;0;0;0;0;1;0;0;8,055555556
102;58;11,7;3;2;1983;2;0;0;0;0;0;0;0;0;0;0;0;1;0;0;0;0;0;0;0;0;1;0;6,465517241
103;59;6;3;3;1979;2;0;0;0;0;0;1;0;0;0;0;0;0;0;0;0;0;0;0;1;0;0;0;6,101694915
104;63;9,7;2;NA;2006;3;0;0;0;0;0;0;0;0;0;0;0;0;0;0;1;0;0;0;1;0;0;0;7,936507937
105;65;5,4;3;5;1958;4;0;0;0;1;0;0;0;0;0;0;0;0;0;0;0;0;0;0;0;1;0;0;9,495384615
106;66;6;3;2;1975;4;0;0;0;1;0;0;0;0;0;0;0;0;0;0;0;0;0;0;0;0;1;0;7,121212121
107;70;8,9;3;2;1980;4;0;0;1;0;0;0;0;0;0;0;0;0;0;0;0;0;0;0;0;0;1;0;6,614285714
108;70;9,9;3;4;2005;3;0;0;0;0;0;0;0;0;0;0;1;0;0;0;0;0;0;0;1;0;0;0;5,957142857
109;70;8,8;3;2;2008;3;1;0;0;0;0;0;0;0;0;0;0;0;0;0;0;0;0;0;1;0;0;0;7,342857143
110;70;9,3;4;2;1984;2;0;0;0;0;0;0;0;0;0;0;0;1;0;0;0;0;0;0;0;0;1;0;6,857142857
111;74;0,6;3;2;1925;4;0;0;0;0;0;0;0;0;1;0;0;0;0;0;0;0;0;0;1;0;0;0;9,121621622
112;78;1;3;3;NA;5;0;0;0;0;0;0;0;0;1;0;0;0;0;0;0;0;0;0;1;0;0;0;9,615384615
113;80;9,5;3;1;1997;5;0;0;0;0;0;0;0;0;0;0;0;1;0;0;0;0;0;0;0;1;0;0;8,9025
114;81;7,5;2;5;2007;5;1;0;0;0;0;0;0;0;0;0;0;0;0;0;0;0;0;0;1;0;0;0;9,62962963
115;83;8,5;4;3;2001;5;0;0;0;0;0;0;0;0;0;0;0;0;0;0;0;1;0;0;1;0;0;0;6,927710843
116;97;6,9;4;4;2008;3;0;0;0;0;0;0;0;0;0;0;0;0;0;0;1;0;0;0;1;0;0;0;7,216494845
117;122;10,8;5;3;2007;5;0;0;0;0;0;0;0;0;0;0;0;1;0;0;0;0;0;0;1;0;0;0;9,016393443
118;141;3,6;4;8;2007;3;0;0;0;0;0;0;0;0;1;0;0;0;0;0;0;0;0;0;1;0;0;0;8,496453901
119;31;12,1;1;3;1998;5;0;0;0;0;0;0;0;0;0;0;0;1;0;0;0;0;0;0;0;0;1;0;10,32258065
120;31;7,2;1;7;1995;4;0;0;0;1;0;0;0;0;0;0;0;0;0;0;0;0;0;0;0;0;0;1;6,129032258
121;32;2,9;2;2;1920;5;0;0;0;0;0;0;0;0;1;0;0;0;0;0;0;0;0;0;1;0;0;0;18,90625
122;32;13,1;1;6;1988;2;0;1;0;0;0;0;0;0;0;0;0;0;0;0;0;0;0;0;0;0;1;0;5,9375
123;33;3,4;1;1;2007;5;0;0;0;0;0;0;0;0;1;0;0;0;0;0;0;0;0;0;1;0;0;0;12,12121212
124;35;7,2;2;4;1967;2;0;0;1;0;0;0;0;0;0;0;0;0;0;0;0;0;0;0;0;1;0;0;7,657142857
125;36;4;2;2;1975;4;0;0;0;0;1;0;0;0;0;0;0;0;0;0;0;0;0;0;1;0;0;0;7,5
126;38;6,1;2;1;1962;4;0;0;0;0;0;0;0;0;0;0;0;0;0;0;0;0;1;0;1;0;0;0;7,078947368
127;39;5,3;2;5;2008;5;0;0;0;0;0;1;0;0;0;0;0;0;0;0;0;0;0;0;0;1;0;0;8,846153846
128;41;7,2;2;2;1972;4;0;0;1;0;0;0;0;0;0;0;0;0;0;0;0;0;0;0;0;1;0;0;6,829268293
129;42;6,3;2;8;1973;4;0;0;1;0;0;0;0;0;0;0;0;0;0;0;0;0;0;0;1;0;0;0;7,857142857
130;43;7,3;2;15;1980;4;0;0;0;0;0;1;0;0;0;0;0;0;0;0;0;0;0;0;0;1;0;0;6,674418605
131;43;8,6;2;10;1974;4;0;0;1;0;0;0;0;0;0;0;0;0;0;0;0;0;0;0;0;1;0;0;6,604651163
132;45;14,9;2;3;2000;4;0;1;0;0;0;0;0;0;0;0;0;0;0;0;0;0;0;0;1;0;0;0;6,666666667
133;45;11,7;2;8;2000;5;0;0;0;0;0;0;0;0;0;0;0;1;0;0;0;0;0;0;0;0;1;0;8,622222222
134;46;7,3;2;5;1970;4;0;0;1;0;0;0;0;0;0;0;0;0;0;0;0;0;0;0;0;1;0;0;6,956521739
135;48;15,4;2;NA;2000;5;0;1;0;0;0;0;0;0;0;0;0;0;0;0;0;0;0;0;1;0;0;0;7,5
136;50;0,9;2;3;1950;5;0;0;0;0;0;0;0;0;1;0;0;0;0;0;0;0;0;0;1;0;0;0;11
137;50;2;2;3;1946;4;0;0;0;0;0;0;0;0;1;0;0;0;0;0;0;0;0;0;1;0;0;0;12,52
138;52;10,8;2;9;1999;4;0;0;0;0;0;0;0;0;0;0;0;1;0;0;0;0;0;0;0;1;0;0;9,423076923
139;52;3,8;2;4;2002;5;0;0;0;0;0;0;0;0;0;0;0;0;0;0;0;0;0;1;1;0;0;0;9,615384615
140;62;13,1;2;4;2000;2;0;0;0;0;0;0;0;0;0;0;0;1;0;0;0;0;0;0;0;0;1;0;8,467741935
141;68;12,8;3;4;2002;5;0;0;0;0;0;0;0;0;0;0;0;1;0;0;0;0;0;0;1;0;0;0;10,44117647
142;77;8,7;3;1;2007;3;1;0;0;0;0;0;0;0;0;0;0;0;0;0;0;0;0;0;1;0;0;0;7,792207792
143;78;8;3;6;2004;5;0;0;0;1;0;0;0;0;0;0;0;0;0;0;0;0;0;0;1;0;0;0;11,08974359
144;81;6,4;3;4;2000;5;0;0;0;0;0;1;0;0;0;0;0;0;0;0;0;0;0;0;0;0;1;0;9,135802469
145;83;1,4;3;6;1962;2;0;0;0;0;0;0;0;0;1;0;0;0;0;0;0;0;0;0;1;0;0;0;10,84337349
146;93;1,7;4;5;2007;3;0;0;0;0;0;0;0;0;0;0;0;0;0;0;0;0;1;0;1;0;0;0;9,739516129
147;98;9,7;3;6;2005;5;0;0;0;0;0;0;0;0;0;0;0;1;0;0;0;0;0;0;1;0;0;0;8,418367347
148;100;10,7;4;3;2004;5;0;1;0;0;0;0;0;0;0;0;0;0;0;0;0;0;0;0;1;0;0;0;6,99
149;36;6,9;1;7;2003;5;0;0;0;1;0;0;0;0;0;0;0;0;0;0;0;0;0;0;0;0;0;0;10
150;36;3,5;2;6;1957;4;0;0;0;0;1;0;0;0;0;0;0;0;0;0;0;0;0;0;0;0;0;0;8,472222222
151;37;5,6;2;5;2001;4;0;0;0;0;0;1;0;0;0;0;0;0;0;0;0;0;0;0;1;0;0;0;7,918918919
152;39;3,8;2;9;1970;5;0;0;0;0;0;1;0;0;0;0;0;0;0;0;0;0;0;0;1;0;0;0;7,692307692
153;39;5,2;2;10;2003;5;0;0;0;0;0;1;0;0;0;0;0;0;0;0;0;0;0;0;1;0;0;0;9,307692308
154;41;9,5;2;10;1978;5;0;0;1;0;0;0;0;0;0;0;0;0;0;0;0;0;0;0;0;0;1;0;7,317073171
155;45;3,8;3;10;1970;4;0;0;0;0;0;1;0;0;0;0;0;0;0;0;0;0;0;0;1;0;0;0;7,333333333
156;45;7;2;10;1983;4;0;0;1;0;0;0;0;0;0;0;0;0;0;0;0;0;0;0;0;1;0;0;6,333333333
157;45;3,4;2;5;1948;4;0;0;1;0;0;0;0;0;0;0;0;0;0;0;0;0;0;0;1;0;0;0;7,511111111
158;46;6,9;2;10;1978;2;0;0;0;0;0;1;0;0;0;0;0;0;0;0;0;0;0;0;0;1;0;0;6,086956522
159;46;5,6;2;16;2008;3;0;0;0;1;0;0;0;0;0;0;0;0;0;0;0;0;0;0;1;0;0;0;9,891304348
160;49;2,1;2;5;1959;5;0;0;0;0;0;0;0;0;1;0;0;0;0;0;0;0;0;0;0;1;0;0;11,93877551
161;50;9,1;3;10;1975;4;0;0;1;0;0;0;0;0;0;0;0;0;0;0;0;0;0;0;0;0;1;0;7
162;50;2,2;2;5;1932;4;0;0;0;0;0;0;0;0;1;0;0;0;0;0;0;0;0;0;1;0;0;0;12
163;50;0,7;2;5;1960;5;0;0;0;0;0;0;0;0;1;0;0;0;0;0;0;0;0;0;1;0;0;0;9,2
164;51;13,3;2;3;2005;5;0;0;0;0;0;0;0;1;0;0;0;0;0;0;0;0;0;0;1;0;0;0;7,058823529
165;53;3,4;2;4;1936;2;0;0;0;1;0;0;0;0;0;0;0;0;0;0;0;0;0;0;1;0;0;0;9,433962264
166;53;0,9;1;4;1938;4;0;0;0;0;0;0;0;0;1;0;0;0;0;0;0;0;0;0;1;0;0;0;6,037735849
167;55;7,3;3;3;1974;2;0;0;0;1;0;0;0;0;0;0;0;0;0;0;0;0;0;0;0;1;0;0;7,181818182
168;55;13,1;2;4;2002;5;0;0;0;0;0;0;0;0;0;0;0;1;0;0;0;0;0;0;1;0;0;0;9,636363636
169;57;6,8;3;15;1978;4;0;0;0;1;0;0;0;0;0;0;0;0;0;0;0;0;0;0;0;0;1;0;6,701754386
170;57;2,3;2;15;2005;5;0;0;0;0;0;0;0;0;0;0;0;0;0;0;0;0;1;0;1;0;0;0;11,22807018
171;60;8,6;3;11;1983;2;1;0;0;0;0;0;0;0;0;0;0;0;0;0;0;0;0;0;0;0;0;0;6,166666667
172;64;7,2;3;4;1992;4;0;0;1;0;0;0;0;0;0;0;0;0;0;0;0;0;0;0;0;0;0;0;7,421875
173;69;11,9;3;10;1982;4;0;0;0;0;0;0;0;0;0;0;0;1;0;0;0;0;0;0;0;0;1;0;6,086956522
174;69;14,9;3;3;2001;5;0;1;0;0;0;0;0;0;0;0;0;0;0;0;0;0;0;0;1;0;0;0;6,52173913
175;70;3,5;2;4;1938;4;0;0;0;1;0;0;0;0;0;0;0;0;0;0;0;0;0;0;1;0;0;0;8
176;74;10,9;3;8;2006;5;0;0;0;0;0;0;0;0;0;0;0;1;0;0;0;0;0;0;0;0;1;0;9,75
177;78;9;3;2;1999;4;0;0;0;0;0;0;0;0;0;1;0;0;0;0;0;0;0;0;1;0;0;0;7,435897436
178;79;2,9;3;3;1950;5;0;0;0;0;0;0;0;0;1;0;0;0;0;0;0;0;0;0;1;0;0;0;17,08860759
179;94;7,4;2;3;2001;5;0;0;0;1;0;0;0;0;0;0;0;0;0;0;0;0;0;0;0;0;0;0;8,457446809
180;122;1,7;4;4;1932;2;0;0;0;0;0;0;0;0;1;0;0;0;0;0;0;0;0;0;1;0;0;0;10,90163934
181;169;1,7;6;6;2002;5;0;0;0;0;0;0;0;0;1;0;0;0;0;0;0;0;0;0;0;0;0;0;6,775147929
182;29,62;5,6;1;NA;1927;4;0;0;0;0;0;1;0;0;0;0;0;0;0;0;0;0;0;0;1;0;0;0;5,739365294
183;32;4,1;1;4;1936;2;0;0;0;0;0;0;0;0;0;0;0;0;0;0;0;0;0;1;0;0;1;0;7,8125
184;36;2,9;2;2;1964;2;0;0;0;0;0;0;0;0;0;0;0;0;0;0;0;0;1;0;1;0;0;0;7,222222222
185;37;3,8;2;9;1970;2;0;0;0;0;0;1;0;0;0;0;0;0;0;0;0;0;0;0;0;0;1;0;7,297297297
186;37,5;1,7;2;9;1969;4;0;0;0;0;0;0;0;0;0;0;0;0;0;0;0;0;1;0;0;0;1;0;8,64
187;37,91;8;2;NA;2005;5;0;0;0;0;0;0;0;0;0;1;0;0;0;0;0;0;0;0;1;0;0;0;7,64969665
188;41;6,3;2;8;1974;4;0;0;0;0;0;0;0;0;0;0;0;0;0;0;0;0;0;1;0;0;1;0;6,707317073
189;45;3,8;2;6;1968;4;0;0;0;0;0;0;0;0;0;0;0;0;0;0;0;0;1;0;1;0;0;0;7,111111111
190;45;1,2;2;4;1950;4;0;0;0;0;0;0;0;0;1;0;0;0;0;0;0;0;0;0;0;0;1;0;11
191;46;5,6;2;3;1953;2;0;0;0;0;0;0;1;0;0;0;0;0;0;0;0;0;0;0;1;0;0;0;5,652173913
192;46;3,8;3;7;1970;4;0;0;0;0;0;1;0;0;0;0;0;0;0;0;0;0;0;0;1;0;0;0;6,956521739
193;48;15,4;2;3;2001;5;0;1;0;0;0;0;0;0;0;0;0;0;0;0;0;0;0;0;1;0;0;0;6,145833333
194;64;6,7;3;7;1993;4;0;0;0;1;0;0;0;0;0;0;0;0;0;0;0;0;0;0;0;0;1;0;6,25
195;71;4,3;3;NA;1960;2;0;0;0;0;0;0;0;0;0;0;0;0;0;0;0;0;1;0;1;0;0;0;6,295774648
196;71,69;9,8;3;NA;2008;5;0;0;0;0;0;0;0;0;0;0;0;0;0;0;1;0;0;0;1;0;0;0;7,323197099
197;74,2;12,2;4;2;1987;5;0;0;0;0;0;0;0;0;0;0;0;1;0;0;0;0;0;0;0;0;1;0;7,412398922
198;117,9;10,8;4;2;2001;5;0;0;0;0;0;0;0;0;0;0;0;1;0;0;0;0;0;0;0;0;1;0;8,227311281
199;135;10,9;4;NA;2001;5;0;0;0;0;0;0;0;0;0;0;0;1;0;0;0;0;0;0;1;0;0;0;9,62962963
200;31;6,8;1;4;1980;4;0;0;1;0;0;0;0;0;0;0;0;0;0;0;0;0;0;0;1;0;0;0;7,806451613
201;32;0,45;1;2;1960;4;0;0;0;0;0;0;0;0;1;0;0;0;0;0;0;0;0;0;0;0;0;1;10,46875
202;33,8;11,4;1;NA;2005;2;0;1;0;0;0;0;0;0;0;0;0;0;0;0;0;0;0;0;1;0;0;0;6,390532544
203;36,4;10;1;6;2004;5;0;0;0;0;0;0;0;0;0;0;0;1;0;0;0;0;0;0;0;1;0;0;9,478021978
204;37;5,1;2;3;1978;5;0;0;0;0;0;1;0;0;0;0;0;0;0;0;0;0;0;0;0;0;1;0;8,918918919
205;38;6,3;2;6;1966;4;0;0;0;0;0;0;0;0;0;0;0;0;0;0;0;0;0;1;0;0;1;0;7,763157895
206;38;5,5;2;4;1962;4;0;0;0;0;0;0;0;0;0;0;0;0;0;0;0;0;0;1;0;0;1;0;8,684210526
207;38;5,6;2;1;2002;5;0;0;0;0;1;0;0;0;0;0;0;0;0;0;0;0;0;0;1;0;0;0;9,736842105
208;39;1,3;2;9;1970;4;0;0;0;0;0;0;0;0;1;0;0;0;0;0;0;0;0;0;0;1;0;0;8,794871795
209;43;1,7;2;2;1970;2;0;0;0;0;0;0;0;0;1;0;0;0;0;0;0;0;0;0;1;0;0;0;8,372093023
210;46;2,6;2;2;1960;2;0;0;0;0;0;0;0;0;1;0;0;0;0;0;0;0;0;0;1;0;0;0;7,119565217
211;47;5,9;2;3;2003;5;0;0;0;0;0;0;1;0;0;0;0;0;0;0;0;0;0;0;1;0;0;0;6,127659574
212;48;12,8;2;1;2002;4;0;0;0;0;0;0;0;0;0;0;0;1;0;0;0;0;0;0;0;0;1;0;9,583333333
213;49;2,8;2;3;1952;5;0;0;0;0;1;0;0;0;0;0;0;0;0;0;0;0;0;0;1;0;0;0;10,40816327
214;49,9;6,4;3;8;1973;4;1;0;0;0;0;0;0;0;0;0;0;0;0;0;0;0;0;0;0;0;1;0;6,613226453
215;50;4,1;3;1;1951;4;0;0;0;1;0;0;0;0;0;0;0;0;0;0;0;0;0;0;1;0;0;0;9,25
216;52;11,4;2;3;2006;5;0;1;0;0;0;0;0;0;0;0;0;0;0;0;0;0;0;0;1;0;0;0;7,192307692
217;60;7,8;3;1;1989;2;1;0;0;0;0;0;0;0;0;0;0;0;0;0;0;0;0;0;0;0;1;0;5,416666667
218;70;3,3;3;7;2002;4;0;0;0;0;0;0;0;0;0;0;0;0;0;0;0;0;1;0;0;0;1;0;9,642857143
219;72,7;12,8;3;5;2003;4;0;0;0;0;0;0;0;0;0;0;0;1;0;0;0;0;0;0;1;0;0;0;10,83218707
220;76;8,7;3;1;2006;5;0;0;0;0;0;0;0;0;0;0;1;0;0;0;0;0;0;0;1;0;0;0;7,236842105
221;77;4,9;3;2;1988;5;0;0;0;0;0;0;0;0;0;0;0;0;0;0;0;0;0;1;1;0;0;0;7,792207792
222;87;1;5;1;1930;2;0;0;0;0;0;0;0;0;1;0;0;0;0;0;0;0;0;0;0;0;1;0;15,51724138
223;92;10,8;3;3;2003;5;0;0;0;0;0;0;0;0;0;0;0;1;0;0;0;0;0;0;0;0;0;1;9,369565217
224;96;8,3;4;10;1969;4;1;0;0;0;0;0;0;0;0;0;0;0;0;0;0;0;0;0;0;0;1;0;5,65625
225;108,3;10,3;4;NA;2001;4;0;0;0;0;0;0;0;0;0;0;0;1;0;0;0;0;0;0;1;0;0;0;8,541089566
226;140;12,6;4;1;2002;5;0;0;0;0;0;0;0;0;0;0;0;1;0;0;0;0;0;0;0;0;1;0;10,14285714
227;15;3,5;1;NA;1964;2;0;0;0;0;1;0;0;0;0;0;0;0;0;0;0;0;0;0;1;0;0;0;10,2
228;23;3,4;1;2;1963;2;0;0;0;0;0;0;0;0;0;0;0;0;0;0;0;0;1;0;0;1;0;0;8,130434783
229;24;6,2;1;3;1965;5;0;0;0;0;0;1;0;0;0;0;0;0;0;0;0;0;0;0;1;0;0;0;8,333333333
230;24;6,1;1;1;1975;4;0;0;0;0;0;0;0;0;0;0;0;0;0;0;0;0;1;0;0;1;0;0;7,291666667
231;24;4,4;1;2;1970;2;0;0;0;0;1;0;0;0;0;0;0;0;0;0;0;0;0;0;0;0;1;0;7,4375
232;34;3,8;2;3;1967;2;0;0;0;0;0;0;0;0;0;0;0;0;0;0;0;0;1;0;0;1;0;0;6,764705882
233;34;15,4;1;2;2004;5;0;1;0;0;0;0;0;0;0;0;0;0;0;0;0;0;0;0;1;0;0;0;7,5
234;35;2,3;1;19;2005;4;0;0;0;0;0;0;0;0;0;0;0;0;0;0;0;0;1;0;1;0;0;0;11
235;36;2;1;6;1960;5;0;0;0;0;0;0;0;0;1;0;0;0;0;0;0;0;0;0;0;1;0;0;8,75
236;37;5,3;2;3;1970;4;0;0;0;0;0;0;1;0;0;0;0;0;0;0;0;0;0;0;0;1;0;0;7
237;37;11,6;1;2;2008;3;0;0;0;0;0;0;0;1;0;0;0;0;0;0;0;0;0;0;1;0;0;0;7,027027027
238;37;4,2;2;7;1972;2;0;0;0;1;0;0;0;0;0;0;0;0;0;0;0;0;0;0;1;0;0;0;7,027027027
239;37;4,3;2;3;1968;2;0;0;0;0;0;0;0;0;0;0;0;0;0;0;0;0;0;1;1;0;0;0;8,621621622
240;38;6,3;2;2;1964;4;0;0;0;0;0;0;0;0;0;0;0;0;0;0;0;0;0;1;0;0;1;0;8,947368421
241;46;11,6;2;NA;2008;3;0;0;0;0;0;0;0;1;0;0;0;0;0;0;0;0;0;0;1;0;0;0;6,782608696
242;47;14,8;2;5;2004;4;0;1;0;0;0;0;0;0;0;0;0;0;0;0;0;0;0;0;1;0;0;0;7,808510638
243;48;4,1;2;1;2008;5;0;0;0;1;0;0;0;0;0;0;0;0;0;0;0;0;0;0;1;0;0;0;14,58333333
244;48;10,2;2;2;2001;5;1;0;0;0;0;0;0;0;0;0;0;0;0;0;0;0;0;0;1;0;0;0;9,895833333
245;48;12,9;2;1;2007;3;0;1;0;0;0;0;0;0;0;0;0;0;0;0;0;0;0;0;1;0;0;0;6,354166667
246;49;6,9;2;NA;2008;3;0;0;0;0;0;0;0;0;0;0;0;0;0;0;0;0;1;0;1;0;0;0;8,06122449
247;53;15,4;2;NA;2001;4;0;1;0;0;0;0;0;0;0;0;0;0;0;0;0;0;0;0;1;0;0;0;6,981132075
248;54;6,6;3;14;1978;4;0;0;1;0;0;0;0;0;0;0;0;0;0;0;0;0;0;0;0;0;1;0;7,037037037
249;56;8,7;3;2;2003;5;1;0;0;0;0;0;0;0;0;0;0;0;0;0;0;0;0;0;1;0;0;0;9,142857143
250;57;2;2;4;1939;5;0;0;0;0;0;0;0;0;1;0;0;0;0;0;0;0;0;0;1;0;0;0;9,122807018
251;59;9,8;2;3;2008;5;0;1;0;0;0;0;0;0;0;0;0;0;0;0;0;0;0;0;1;0;0;0;8,128813559
252;68;4,9;3;6;2001;5;0;0;0;1;0;0;0;0;0;0;0;0;0;0;0;0;0;0;1;0;0;0;15,36764706
253;71;9,8;3;2;2008;2;0;1;0;0;0;0;0;0;0;0;0;0;0;0;0;0;0;0;1;0;0;0;7,394366197
254;78;12,9;3;3;2001;4;0;0;0;0;0;0;0;0;0;0;0;1;0;0;0;0;0;0;1;0;0;0;8,205128205
255;80;5,6;3;3;1932;5;0;0;0;0;0;1;0;0;0;0;0;0;0;0;0;0;0;0;1;0;0;0;5
256;97;3,7;3;5;2007;3;0;0;0;1;0;0;0;0;0;0;0;0;0;0;0;0;0;0;1;0;0;0;13,81443299
257;100;13,6;4;NA;2001;3;0;1;0;0;0;0;0;0;0;0;0;0;0;0;0;0;0;0;1;0;0;0;4,87
258;100;1,9;3;3;2007;5;0;0;0;0;0;0;0;0;1;0;0;0;0;0;0;0;0;0;1;0;0;0;13,5
259;140;4,5;4;8;2006;5;0;0;0;1;0;0;0;0;0;0;0;0;0;0;0;0;0;0;1;0;0;0;9,642857143
260;220;5,1;9;1;1928;4;0;0;0;0;0;0;0;0;0;0;0;0;0;0;0;0;0;1;1;0;0;0;12,59090909
261;27;2,6;1;6;1970;4;0;0;0;0;0;0;0;0;0;0;0;0;0;0;0;0;1;0;0;0;1;0;7,962962963
262;29;2,4;1;10;1970;4;0;0;0;0;0;0;0;0;1;0;0;0;0;0;0;0;0;0;0;0;1;0;8,275862069
263;30;5,3;1;2;1947;5;0;0;0;0;0;0;0;0;0;0;0;0;0;0;0;0;0;1;0;0;1;0;9,833333333
264;30;9,5;1;7;2000;5;0;0;1;0;0;0;0;0;0;0;0;0;0;0;0;0;0;0;1;0;0;0;9,5
265;31;6,7;1;2;1976;5;0;0;0;1;0;0;0;0;0;0;0;0;0;0;0;0;0;0;0;0;1;0;8,709677419
266;35;14,8;1;8;2005;4;0;1;0;0;0;0;0;0;0;0;0;0;0;0;0;0;0;0;1;0;0;0;6,428571429
267;36;15,4;1;4;2002;5;0;1;0;0;0;0;0;0;0;0;0;0;0;0;0;0;0;0;1;0;0;0;7,222222222
268;40;2,2;2;2;1957;2;0;0;0;0;0;0;0;0;1;0;0;0;0;0;0;0;0;0;1;0;0;0;10,625
269;46;6,5;3;4;1966;5;0;0;0;0;0;0;0;0;0;0;0;0;0;0;0;0;0;1;0;0;1;0;8,456521739
270;46;4,4;2;2;1930;5;0;0;0;0;0;0;1;0;0;0;0;0;0;0;0;0;0;0;1;0;0;0;8,804347826
271;47;2,6;2;NA;1956;5;0;0;0;0;0;0;0;0;1;0;0;0;0;0;0;0;0;0;1;0;0;0;8,936170213
272;52;5,6;2;NA;1991;4;0;0;0;1;0;0;0;0;0;0;0;0;0;0;0;0;0;0;1;0;0;0;8,980769231
273;53;9,7;2;1;2005;5;0;0;0;0;0;0;0;0;0;0;0;0;0;0;1;0;0;0;1;0;0;0;9,905660377
274;55;7,9;3;9;1980;5;0;0;1;0;0;0;0;0;0;0;0;0;0;0;0;0;0;0;0;0;1;0;6,218181818
275;75;16,9;3;NA;2008;3;0;0;0;0;0;0;0;0;0;0;0;0;1;0;0;0;0;0;1;0;0;0;6,8
276;85;15,5;4;2;1998;5;0;0;0;0;0;0;0;0;0;0;0;0;0;1;0;0;0;0;1;0;0;0;6,352941176
277;103;1,9;4;2;2005;5;0;0;0;0;0;0;0;0;1;0;0;0;0;0;0;0;0;0;1;0;0;0;18,49514563
278;111;3,5;3;2;2006;3;0;0;0;1;0;0;0;0;0;0;0;0;0;0;0;0;0;0;1;0;0;0;10,61261261
279;111;2,6;4;2;1927;5;0;0;0;0;1;0;0;0;0;0;0;0;0;0;0;0;0;0;1;0;0;0;11,08108108
280;116;6,7;4;NA;2007;3;0;0;0;1;0;0;0;0;0;0;0;0;0;0;0;0;0;0;0;0;1;0;7,284482759
281;135;7,7;4;3;1996;5;0;0;0;0;0;1;0;0;0;0;0;0;0;0;0;0;0;0;1;0;0;0;6,777777778
282;27;9;1;4;1966;2;0;0;1;0;0;0;0;0;0;0;0;0;0;0;0;0;0;0;0;0;1;0;7,222222222
283;28;9,3;1;NA;1973;2;0;0;0;0;0;0;0;0;0;1;0;0;0;0;0;0;0;0;1;0;0;0;7
284;28,65;8,6;1;NA;1932;4;0;0;0;0;0;0;0;0;0;0;0;0;0;0;0;1;0;0;1;0;0;0;6,806282723
285;31,5;16,2;1;7;2003;5;0;1;0;0;0;0;0;0;0;0;0;0;0;0;0;0;0;0;1;0;0;0;8,476190476
286;31,5;6,5;1;10;1978;4;0;0;0;1;0;0;0;0;0;0;0;0;0;0;0;0;0;0;0;0;1;0;7,079365079
287;32,14;6,6;1;20;1989;4;0;0;1;0;0;0;0;0;0;0;0;0;0;0;0;0;0;0;0;0;1;0;8,058494088
288;33,2;7,3;1;10;1978;4;0;0;0;1;0;0;0;0;0;0;0;0;0;0;0;0;0;0;0;0;1;0;7,409638554
289;33,8;5;2;4;1962;4;0;0;0;1;0;0;0;0;0;0;0;0;0;0;0;0;0;0;1;0;0;0;9,763313609
290;35,4;3,1;2;10;1973;5;0;0;0;1;0;0;0;0;0;0;0;0;0;0;0;0;0;0;0;0;1;0;10,16949153
291;37,93;5,5;2;10;1958;5;0;0;0;1;0;0;0;0;0;0;0;0;0;0;0;0;0;0;0;0;1;0;8,673872924
292;37,93;5,5;2;10;1968;2;0;0;0;1;0;0;0;0;0;0;0;0;0;0;0;0;0;0;0;0;1;0;7,645663064
293;38;15,9;2;7;2004;5;0;1;0;0;0;0;0;0;0;0;0;0;0;0;0;0;0;0;1;0;0;0;8,289473684
294;38,97;2;2;4;1969;4;0;0;0;0;0;0;0;0;1;0;0;0;0;0;0;0;0;0;0;0;1;0;7,44162176
295;39;5,8;2;10;1972;4;0;0;0;1;0;0;0;0;0;0;0;0;0;0;0;0;0;0;0;0;1;0;8,230769231
296;40;2,1;2;15;1967;5;0;0;0;0;0;0;0;0;1;0;0;0;0;0;0;0;0;0;0;0;1;0;9,725
297;40;2,6;1;11;2001;5;0;0;0;0;0;0;0;0;1;0;0;0;0;0;0;0;0;0;1;0;0;0;11,94
298;41,8;15,4;2;NA;2000;4;0;1;0;0;0;0;0;0;0;0;0;0;0;0;0;0;0;0;1;0;0;0;7,177033493
299;42,3;6,7;2;10;1975;4;0;0;0;1;0;0;0;0;0;0;0;0;0;0;0;0;0;0;0;0;1;0;7,494089835
300;42,4;10,1;2;11;1981;5;0;0;0;0;0;0;0;0;0;0;0;1;0;0;0;0;0;0;0;0;1;0;8,419811321
301;45,1;8,8;2;3;2000;5;1;0;0;0;0;0;0;0;0;0;0;0;0;0;0;0;0;0;1;0;0;0;9,423503326
302;45,5;1,4;3;4;1966;4;0;0;0;0;0;0;0;0;1;0;0;0;0;0;0;0;0;0;0;0;1;0;10,98901099
303;46,3;5,5;2;17;1978;5;0;0;0;1;0;0;0;0;0;0;0;0;0;0;0;0;0;0;1;0;0;0;8,747300216
304;47;7;2;10;1980;4;0;0;0;1;0;0;0;0;0;0;0;0;0;0;0;0;0;0;0;0;1;0;8,723404255
305;47;11,9;2;10;1986;4;0;0;0;0;0;0;0;0;0;0;0;1;0;0;0;0;0;0;0;0;1;0;8,489361702
306;48,3;6,5;2;3;1969;4;0;0;1;0;0;0;0;0;0;0;0;0;0;0;0;0;0;0;0;0;1;0;8,3436853
307;48,41;3,6;2;2;1950;2;0;0;0;0;0;1;0;0;0;0;0;0;0;0;0;0;0;0;1;0;0;0;9,502168973
308;49;9,3;2;11;1980;4;0;0;1;0;0;0;0;0;0;0;0;0;0;0;0;0;0;0;0;0;1;0;7,244897959
309;49;9,7;2;4;1982;2;0;0;0;0;0;0;0;0;0;0;0;1;0;0;0;0;0;0;0;0;1;0;6,693877551
310;50,53;10,4;2;NA;2002;5;0;0;0;0;0;0;0;0;0;0;0;0;1;0;0;0;0;0;1;0;0;0;7,36196319
311;52;8,1;2;NA;2005;5;0;0;0;0;0;0;0;0;0;0;0;0;0;0;0;1;0;0;1;0;0;0;9,615384615
312;53,65;8,1;2;5;2006;5;0;0;0;0;1;0;0;0;0;0;0;0;0;0;0;0;0;0;1;0;0;0;8,760484623
313;54;4,4;2;NA;1956;NA;0;0;0;1;0;0;0;0;0;0;0;0;0;0;0;0;0;0;1;0;0;0;8,240740741
314;56;6,3;3;NA;1970;4;0;0;0;0;0;0;0;0;0;0;0;0;0;0;0;0;0;1;0;0;1;0;7,392857143
315;56;7;3;10;1976;4;0;0;0;1;0;0;0;0;0;0;0;0;0;0;0;0;0;0;0;0;1;0;7,142857143
316;61;2,6;3;5;1951;2;0;0;0;0;0;0;0;0;0;0;0;0;0;0;0;0;1;0;1;0;0;0;8,196721311
317;66;1,5;2;6;1932;4;0;0;0;0;0;0;0;0;1;0;0;0;0;0;0;0;0;0;1;0;0;0;13,03030303
318;70,5;9,2;3;4;2002;5;0;0;0;0;0;0;0;0;0;0;1;0;0;0;0;0;0;0;1;0;0;0;8,226950355
319;73;12,8;3;5;2003;4;0;0;0;0;0;0;0;0;0;0;0;1;0;0;0;0;0;0;1;0;0;0;8,97260274
320;74,66;10,7;3;3;2008;3;0;0;1;0;0;0;0;0;0;0;0;0;0;0;0;0;0;0;1;0;0;0;7,232788642
321;75;4,2;3;3;1935;5;0;0;0;1;0;0;0;0;0;0;0;0;0;0;0;0;0;0;1;0;0;0;6,213333333
322;75;5,6;3;8;2007;3;0;0;0;1;0;0;0;0;0;0;0;0;0;0;0;0;0;0;1;0;0;0;8,546666667
323;86;3,6;3;14;2006;5;0;0;0;0;0;0;0;0;1;0;0;0;0;0;0;0;0;0;1;0;0;0;13,95348837
324;90;8,1;4;5;2000;5;0;0;0;0;0;1;0;0;0;0;0;0;0;0;0;0;0;0;0;0;1;0;8,666666667
325;118;3,9;4;7;2004;5;0;0;0;1;0;0;0;0;0;0;0;0;0;0;0;0;0;0;1;0;0;0;13,13559322
326;38;0,7;2;5;1965;2;0;0;0;0;0;0;0;0;1;0;0;0;0;0;0;0;0;0;0;0;1;0;7,447368421
327;39;2,1;2;4;1971;4;0;0;0;0;0;0;0;0;0;0;0;0;0;0;0;0;1;0;0;0;1;0;7,897435897
328;39;3,7;2;3;1960;2;0;0;0;0;0;1;0;0;0;0;0;0;0;0;0;0;0;0;1;0;0;0;8,025641026
329;43;3,9;2;3;1950;5;0;0;0;1;0;0;0;0;0;0;0;0;0;0;0;0;0;0;0;0;1;0;9,76744186
330;44;5,6;3;4;1967;2;0;0;0;0;0;1;0;0;0;0;0;0;0;0;0;0;0;0;1;0;0;0;6,931818182
331;46;0,5;3;2;1970;5;0;0;0;0;0;0;0;0;1;0;0;0;0;0;0;0;0;0;1;0;0;0;9,434782609
332;50;6,7;2;5;1993;4;0;0;0;1;0;0;0;0;0;0;0;0;0;0;0;0;0;0;0;0;1;0;7,54
333;53;6,7;3;2;1974;5;0;0;0;1;0;0;0;0;0;0;0;0;0;0;0;0;0;0;0;0;1;0;7,358490566
334;53;7,5;3;1;1974;4;0;0;0;1;0;0;0;0;0;0;0;0;0;0;0;0;0;0;0;0;1;0;6,981132075
335;57;4,5;2;4;1952;5;0;0;0;1;0;0;0;0;0;0;0;0;0;0;0;0;0;0;1;0;0;0;9,350877193
336;59;8,8;3;2;2005;5;1;0;0;0;0;0;0;0;0;0;0;0;0;0;0;0;0;0;1;0;0;0;8,644067797
337;59;NA;2;1;2006;4;0;0;0;0;0;0;1;0;0;0;0;0;0;0;0;0;0;0;1;0;0;0;6,186440678
338;63;6,7;3;4;1974;5;0;0;0;1;0;0;0;0;0;0;0;0;0;0;0;0;0;0;0;0;1;0;7,142857143
339;70;4;3;2;1938;4;0;0;0;1;0;0;0;0;0;0;0;0;0;0;0;0;0;0;1;0;0;0;10,28571429
340;73;4,8;3;3;2007;3;0;0;0;1;0;0;0;0;0;0;0;0;0;0;0;0;0;0;1;0;0;0;8,863013699
341;87;4,2;4;3;1992;4;0;0;0;1;0;0;0;0;0;0;0;0;0;0;0;0;0;0;0;0;1;0;6,873563218
342;93;4,6;4;5;2003;5;0;0;0;1;0;0;0;0;0;0;0;0;0;0;0;0;0;0;1;0;0;0;10,25806452
343;26;2,6;1;3;1970;5;0;0;0;0;0;0;0;0;1;0;0;0;0;0;0;0;0;0;0;0;1;0;9,153846154
344;27;14,9;1;2;2008;3;0;1;0;0;0;0;0;0;0;0;0;0;0;0;0;0;0;0;1;0;0;0;6,17037037
345;27;2,2;1;4;1968;2;0;0;0;0;0;0;0;0;0;0;0;0;0;0;0;0;1;0;0;0;1;0;7,592592593
346;28;6,7;1;4;1962;2;0;0;0;1;0;0;0;0;0;0;0;0;0;0;0;0;0;0;1;0;0;0;8,035714286
347;29;5,4;1;5;1958;4;0;0;0;0;0;1;0;0;0;0;0;0;0;0;0;0;0;0;1;0;0;0;7,413793103
348;30;2,6;1;2;1954;4;0;0;0;0;0;0;0;0;0;0;0;0;0;0;0;0;1;0;1;0;0;0;9
349;33;2,6;1;2;1956;2;0;0;0;0;0;0;0;0;0;0;0;0;0;0;0;0;1;0;1;0;0;0;7,363636364
350;34;5;2;4;1965;4;0;0;0;1;0;0;0;0;0;0;0;0;0;0;0;0;0;0;0;0;1;0;7,941176471
351;34;3,4;1;NA;1960;2;0;0;0;0;1;0;0;0;0;0;0;0;0;0;0;0;0;0;1;0;0;0;7,647058824
352;35;13,8;2;3;2004;5;0;1;0;0;0;0;0;0;0;0;0;0;0;0;0;0;0;0;1;0;0;0;8,542857143
353;36;2,1;1;1;1967;4;0;0;0;0;0;0;0;0;1;0;0;0;0;0;0;0;0;0;0;0;1;0;8,555555556
354;37;3,9;2;3;1965;2;0;0;0;1;0;0;0;0;0;0;0;0;0;0;0;0;0;0;0;0;1;0;7,837837838
355;38;2,4;2;3;1969;3;0;0;0;0;0;0;0;0;0;0;0;0;0;0;0;0;1;0;0;0;1;0;8,157894737
356;38;4,7;2;14;1977;5;0;0;0;0;0;0;0;0;0;0;0;0;0;0;0;0;1;0;0;0;1;0;8,157894737
357;38;10,7;2;NA;2000;4;0;0;1;0;0;0;0;0;0;0;0;0;0;0;0;0;0;0;1;0;0;0;8,552631579
358;40;12,8;2;3;1991;5;0;0;0;0;0;0;0;0;0;0;0;1;0;0;0;0;0;0;0;0;1;0;9,125
359;41;12,7;1;1;2000;4;0;0;0;0;0;0;0;0;0;0;0;1;0;0;0;0;0;0;0;0;1;0;10,48780488
360;41;10,8;2;4;2002;5;0;0;0;0;0;0;0;0;0;0;0;1;0;0;0;0;0;0;1;0;0;0;10,58536585
361;42;5,3;2;2;1958;2;0;0;0;1;0;0;0;0;0;0;0;0;0;0;0;0;0;0;1;0;0;0;9,047619048
362;42;0,9;2;1;1950;5;0;0;0;0;0;0;0;0;1;0;0;0;0;0;0;0;0;0;1;0;0;0;19,4047619
363;45;7,1;2;6;1977;2;0;0;0;1;0;0;0;0;0;0;0;0;0;0;0;0;0;0;0;0;1;0;7,333333333
364;47;12,8;2;1;2002;4;0;0;0;0;0;0;0;0;0;0;0;1;0;0;0;0;0;0;0;0;1;0;10,63829787
365;51;1,4;2;15;2007;3;0;0;0;1;0;0;0;0;0;0;0;0;0;0;0;0;0;0;1;0;0;0;9,254901961
366;51;5,6;2;15;2007;3;0;0;0;1;0;0;0;0;0;0;0;0;0;0;0;0;0;0;1;0;0;0;9,254901961
367;55;3,2;3;1;1963;5;0;0;0;0;0;0;0;0;0;0;0;0;0;0;0;0;1;0;1;0;0;0;10,09090909
368;55;0,65;3;2;1960;4;0;0;0;0;0;0;0;0;1;0;0;0;0;0;0;0;0;0;1;0;0;0;9,654545455
369;56;4,8;2;4;2007;3;0;0;0;1;0;0;0;0;0;0;0;0;0;0;0;0;0;0;1;0;0;0;9,464285714
370;56;7;3;1;1980;4;0;0;0;1;0;0;0;0;0;0;0;0;0;0;0;0;0;0;0;0;1;0;8,214285714
371;57;6,3;3;9;1975;2;0;0;0;0;0;0;0;0;0;0;0;0;0;0;0;0;0;1;0;0;1;0;7,01754386
372;59;5,8;3;NA;1956;5;0;0;0;0;0;1;0;0;0;0;0;0;0;0;0;0;0;0;1;0;0;0;7,016949153
373;60;3,9;2;1;1946;2;0;0;0;0;0;1;0;0;0;0;0;0;0;0;0;0;0;0;1;0;0;0;11,16666667
374;64;3,5;2;4;1950;5;0;0;0;1;0;0;0;0;0;0;0;0;0;0;0;0;0;0;1;0;0;0;8,125
375;74;12,1;3;3;2003;4;0;0;0;0;0;0;0;0;0;0;0;1;0;0;0;0;0;0;0;0;1;0;9,72972973
376;78;11,5;3;NA;2001;5;0;0;0;0;0;0;0;0;0;0;0;1;0;0;0;0;0;0;1;0;0;0;7,91025641
377;78;12,8;3;2;2000;4;0;0;0;0;0;0;0;0;0;0;0;1;0;0;0;0;0;0;0;0;1;0;9,217948718
378;84;0,45;4;1;1991;5;0;0;0;0;0;0;0;0;1;0;0;0;0;0;0;0;0;0;0;0;1;0;13,27380952
379;152;3,2;5;4;1928;3;0;0;0;0;0;1;0;0;0;0;0;0;0;0;0;0;0;0;1;0;0;0;10,52631579
380;17,35;2,1;1;16;1971;4;0;0;0;0;0;0;0;0;0;0;0;0;0;0;0;0;1;0;0;0;1;0;10,31700288
381;24;6,4;1;9;1964;4;0;0;0;0;0;0;0;0;0;0;0;0;0;0;0;0;1;0;0;0;1;0;9,291666667
382;26;3,6;1;NA;1938;5;0;0;0;1;0;0;0;0;0;0;0;0;0;0;0;0;0;0;1;0;0;0;9,423076923
383;27;6,3;1;2;1975;2;0;0;0;0;0;0;0;0;0;0;0;0;0;0;0;0;0;1;0;0;1;0;7,851851852
384;28;8,3;2;1;1938;3;0;0;0;0;0;0;0;0;0;0;0;0;0;0;0;1;0;0;0;0;0;0;8,464285714
385;30,9;15,4;2;2;2002;5;0;1;0;0;0;0;0;0;0;0;0;0;0;0;0;0;0;0;1;0;0;0;8,381877023
386;31;10;1;NA;2007;NA;0;0;0;0;0;0;0;0;0;1;0;0;0;0;0;0;0;0;1;0;0;0;10,09677419
387;31;10,7;1;1;1979;2;0;0;0;0;0;0;0;0;0;0;0;1;0;0;0;0;0;0;0;0;1;0;7,741935484
388;32;14,6;1;1;2000;NA;0;1;0;0;0;0;0;0;0;0;0;0;0;0;0;0;0;0;1;0;0;0;8,0625
389;33,08;10;1;8;2000;4;0;0;1;0;0;0;0;0;0;0;0;0;0;0;0;0;0;0;1;0;0;0;9,159613059
390;34;10,8;1;4;2002;NA;0;0;0;0;0;0;0;0;0;0;0;1;0;0;0;0;0;0;0;0;1;0;9,617647059
391;34;3,4;1;NA;1960;2;0;0;0;0;1;0;0;0;0;0;0;0;0;0;0;0;0;0;1;0;0;0;7,647058824
392;34;5;2;4;1965;4;0;0;0;1;0;0;0;0;0;0;0;0;0;0;0;0;0;0;0;0;1;0;7,941176471
393;34;3,9;1;1;1952;2;0;0;0;1;0;0;0;0;0;0;0;0;0;0;0;0;0;0;1;0;0;0;8,941176471
394;36;2,2;1;3;1951;2;0;0;0;0;0;0;0;0;1;0;0;0;0;0;0;0;0;0;1;0;0;0;8,611111111
395;37;3,9;2;3;1965;2;0;0;0;1;0;0;0;0;0;0;0;0;0;0;0;0;0;0;0;0;1;0;7,837837838
396;38;6,1;1;3;1950;4;0;0;0;0;0;1;0;0;0;0;0;0;0;0;0;0;0;0;1;0;0;0;5,842105263
397;40;12,8;2;3;1991;5;0;0;0;0;0;0;0;0;0;0;0;1;0;0;0;0;0;0;0;0;1;0;9,125
398;42;6,7;2;1;1974;4;0;0;0;1;0;0;0;0;0;0;0;0;0;0;0;0;0;0;0;0;1;0;7,619047619
399;42;3,6;2;6;2007;3;0;0;0;0;0;0;0;0;1;0;0;0;0;0;0;0;0;0;0;0;0;0;11,9047619
400;42,5;3,7;2;2;1949;5;0;0;0;1;0;0;0;0;0;0;0;0;0;0;0;0;0;0;0;0;1;0;10,35294118
401;43;2,8;2;1;1949;4;0;0;0;0;0;0;0;0;1;0;0;0;0;0;0;0;0;0;1;0;0;0;9,76744186
402;43,57;13,1;2;5;2005;5;0;1;0;0;0;0;0;0;0;0;0;0;0;0;0;0;0;0;1;0;0;0;7,803534542
403;45;7,1;2;14;1974;2;0;0;0;0;0;1;0;0;0;0;0;0;0;0;0;0;0;0;0;0;1;0;6
404;46,2;14,9;2;1;2002;5;0;1;0;0;0;0;0;0;0;0;0;0;0;0;0;0;0;0;1;0;0;0;7,359307359
405;47,15;7,1;2;1;1958;2;0;0;0;0;0;1;0;0;0;0;0;0;0;0;0;0;0;0;1;0;0;0;6
406;49;4,3;2;2;1950;5;0;0;0;0;0;0;0;0;0;0;0;0;0;0;0;0;1;0;1;0;0;0;7,755102041
407;49;8,2;2;1;1939;4;0;0;1;0;0;0;0;0;0;0;0;0;0;0;0;0;0;0;1;0;0;0;8,551020408
408;50;7,2;3;NA;1980;4;0;0;0;1;0;0;0;0;0;0;0;0;0;0;0;0;0;0;0;0;1;0;7
409;53,3;4,4;2;2;1938;5;0;0;0;0;0;0;0;0;1;0;0;0;0;0;0;0;0;0;1;0;0;0;10,69418386
410;55;9,7;2;1;2008;5;0;0;0;0;0;0;0;0;0;0;0;0;0;0;1;0;0;0;1;0;0;0;8,581818182
411;55;7,7;3;4;1970;NA;0;0;1;0;0;0;0;0;0;0;0;0;0;0;0;0;0;0;0;0;1;0;6,690909091
412;56;4,8;2;4;2007;3;0;0;0;1;0;0;0;0;0;0;0;0;0;0;0;0;0;0;1;0;0;0;9,464285714
413;57;4,1;2;3;1923;4;0;0;0;0;0;0;0;0;0;0;0;0;0;0;0;0;0;1;1;0;0;0;9,157894737
414;57;6,3;3;9;1975;2;0;0;0;0;0;0;0;0;0;0;0;0;0;0;0;0;0;1;0;0;1;0;7,01754386
415;57;3,9;2;2;1959;2;0;0;0;1;0;0;0;0;0;0;0;0;0;0;0;0;0;0;0;0;1;0;8,631578947
416;58;4,2;2;NA;2007;3;0;0;0;1;0;0;0;0;0;0;0;0;0;0;0;0;0;0;0;0;0;0;10,68965517
417;64;5,5;3;4;1993;NA;0;0;0;0;0;0;1;0;0;0;0;0;0;0;0;0;0;0;1;0;0;0;6,328125
418;64;0,6;3;NA;1931;5;0;0;0;0;0;0;0;0;0;0;0;0;0;0;0;0;1;0;1;0;0;0;9,21875
419;66;7,2;3;1;1976;4;0;0;0;1;0;0;0;0;0;0;0;0;0;0;0;0;0;0;0;0;1;0;7,424242424
420;68;3,4;2;2;2004;5;0;0;0;0;0;0;0;0;1;0;0;0;0;0;0;0;0;0;1;0;0;0;12,57352941
421;70;6,3;3;3;1993;NA;0;0;0;0;0;1;0;0;0;0;0;0;0;0;0;0;0;0;0;0;1;0;7,5
422;73,4;6,5;3;8;2001;4;0;0;1;0;0;0;0;0;0;0;0;0;0;0;0;0;0;0;1;0;0;0;9,128065395
423;91;5,1;3;5;2001;5;0;0;0;1;0;0;0;0;0;0;0;0;0;0;0;0;0;0;0;0;0;0;13,07692308
424;101;10,8;4;3;2001;5;0;0;0;0;0;0;0;0;0;0;0;1;0;0;0;0;0;0;0;0;1;0;10,89108911
425;110;6;4;4;1994;4;0;0;0;1;0;0;0;0;0;0;0;0;0;0;0;0;0;0;0;0;0;0;7,363636364
426;110;3,2;4;4;1990;5;0;0;0;0;0;0;0;0;0;0;0;0;0;0;0;0;1;0;0;0;0;0;8,745454545
427;116,1;3,8;4;2;2003;5;0;0;0;0;0;0;0;0;0;0;0;0;0;0;0;0;0;1;1;0;0;0;16,36520241
428;117;12,6;4;1;2002;5;0;0;0;0;0;0;0;0;0;0;0;1;0;0;0;0;0;0;1;0;0;0;11,11111111
429;135;8,8;5;1;2005;5;0;0;0;0;0;0;0;0;0;0;0;0;0;0;1;0;0;0;0;0;0;0;15,18518519
430;135;4,3;3;1;1930;4;0;0;0;1;0;0;0;0;0;0;0;0;0;0;0;0;0;0;1;0;0;0;15,55555556
431;144;5;5;1;2001;4;0;0;0;0;1;0;0;0;0;0;0;0;0;0;0;0;0;0;1;0;0;0;11,45833333
432;190;5,7;5;3;2007;3;0;0;0;1;0;0;0;0;0;0;0;0;0;0;0;0;0;0;1;0;0;0;13,15789474
433;20;5,6;1;2;1960;2;0;0;0;0;0;0;1;0;0;0;0;0;0;0;0;0;0;0;1;0;0;0;8,35
434;28;5,2;1;8;1970;4;0;0;0;0;0;1;0;0;0;0;0;0;0;0;0;0;0;0;0;0;1;0;8,571428571
435;31;7,4;1;8;1986;4;0;0;0;0;0;1;0;0;0;0;0;0;0;0;0;0;0;0;1;0;0;0;7,290322581
436;34;2,7;2;5;1964;5;0;0;0;0;0;1;0;0;0;0;0;0;0;0;0;0;0;0;1;0;0;0;8,382352941
437;35;0,75;2;5;1967;4;0;0;0;0;0;0;0;0;1;0;0;0;0;0;0;0;0;0;1;0;0;0;8,857142857
438;35;7,1;1;9;1980;4;0;0;0;1;0;0;0;0;0;0;0;0;0;0;0;0;0;0;0;0;1;0;8,657142857
439;35;9,9;2;2;1966;2;0;0;0;0;0;0;0;0;0;0;1;0;0;0;0;0;0;0;0;0;1;0;6,285714286
440;36;1;2;1;1970;2;0;0;0;0;0;0;0;0;1;0;0;0;0;0;0;0;0;0;1;0;0;0;10,44444444
441;37;2,1;2;4;1970;4;0;0;0;0;0;0;0;0;0;0;0;0;0;0;0;0;1;0;0;0;1;0;7,432432432
442;37;5,7;2;5;1970;2;0;0;0;1;0;0;0;0;0;0;0;0;0;0;0;0;0;0;0;0;1;0;7,567567568
443;38;5,9;2;4;1970;4;0;0;0;1;0;0;0;0;0;0;0;0;0;0;0;0;0;0;0;0;1;0;7,526315789
444;38;8,2;2;8;1963;2;0;0;1;0;0;0;0;0;0;0;0;0;0;0;0;0;0;0;0;0;1;0;7,473684211
445;38;6,4;2;8;1978;2;0;0;0;1;0;0;0;0;0;0;0;0;0;0;0;0;0;0;1;0;0;0;7
446;39;0,16;2;12;1975;4;0;0;0;0;0;0;0;0;1;0;0;0;0;0;0;0;0;0;0;0;1;0;9,615384615
447;40;2,6;1;4;1950;NA;0;0;0;0;0;0;0;0;1;0;0;0;0;0;0;0;0;0;1;0;0;0;8
448;41;2,4;2;2;1950;4;0;0;0;0;0;0;0;0;0;0;0;0;0;0;0;0;1;0;0;0;0;0;10
449;42;10,1;2;1;1982;4;0;0;0;0;0;0;0;0;0;0;0;1;0;0;0;0;0;0;0;0;1;0;8,523809524
450;43;15,4;2;7;2002;4;0;1;0;0;0;0;0;0;0;0;0;0;0;0;0;0;0;0;1;0;0;0;7,093023256
451;44;15,4;2;1;2003;5;0;1;0;0;0;0;0;0;0;0;0;0;0;0;0;0;0;0;1;0;0;0;7,931818182
452;45;3;2;3;1953;4;0;0;0;0;0;0;0;0;0;0;0;0;0;0;0;0;1;0;1;0;0;0;8,555555556
453;45;4,9;2;1;1939;5;0;0;0;0;0;0;0;0;0;0;0;0;0;0;0;0;0;1;0;0;0;0;13,97777778
454;46;4,1;3;3;1964;5;0;0;0;0;1;0;0;0;0;0;0;0;0;0;0;0;0;0;0;0;1;0;8,695652174
455;46;8,2;3;3;1950;2;0;0;1;0;0;0;0;0;0;0;0;0;0;0;0;0;0;0;1;0;0;0;7,391304348
456;46;7,1;2;1;1980;4;0;0;0;1;0;0;0;0;0;0;0;0;0;0;0;0;0;0;0;0;1;0;7,152173913
457;47;13,4;2;1;1999;5;0;1;0;0;0;0;0;0;0;0;0;0;0;0;0;0;0;0;0;0;1;0;7,276595745
458;47;13,3;2;1;2007;3;0;0;0;0;0;0;0;1;0;0;0;0;0;0;0;0;0;0;1;0;0;0;6,382978723
459;48;3,8;3;10;1971;3;0;0;0;0;0;1;0;0;0;0;0;0;0;0;0;0;0;0;1;0;0;0;6,6875
460;48;2,1;3;14;1972;2;0;0;0;0;0;0;0;0;0;0;0;0;0;0;0;0;1;0;0;0;1;0;8,125
461;50;5,3;2;2;1955;5;0;0;0;1;0;0;0;0;0;0;0;0;0;0;0;0;0;0;1;0;0;0;9,04
462;53;4,5;3;6;1955;4;0;0;0;1;0;0;0;0;0;0;0;0;0;0;0;0;0;0;1;0;0;0;9,716981132
463;53;4,3;3;2;1960;4;0;0;0;0;0;0;0;0;0;0;0;0;0;0;0;0;1;0;1;0;0;0;7,358490566
464;53;2,3;2;1;1936;NA;0;0;0;1;0;0;0;0;0;0;0;0;0;0;0;0;0;0;0;0;0;0;10,86792453
465;53;3,9;2;3;2004;5;0;0;0;1;0;0;0;0;0;0;0;0;0;0;0;0;0;0;0;0;0;0;13,96226415
466;54;9,8;3;11;1978;5;0;0;1;0;0;0;0;0;0;0;0;0;0;0;0;0;0;0;0;0;1;0;6,111111111
467;55;3;2;4;1930;2;0;0;0;1;0;0;0;0;0;0;0;0;0;0;0;0;0;0;0;0;1;0;9,454545455
468;56;10,7;3;15;1981;4;0;0;0;0;0;0;0;0;0;0;0;1;0;0;0;0;0;0;0;0;1;0;6,910714286
469;56;3,5;2;4;1966;4;0;0;0;0;1;0;0;0;0;0;0;0;0;0;0;0;0;0;1;0;0;0;9,160714286
470;57;11,7;2;6;1985;5;0;0;0;0;0;0;0;0;0;0;0;1;0;0;0;0;0;0;0;0;1;0;8,122807018
471;57;4,2;2;1;2007;3;0;0;0;1;0;0;0;0;0;0;0;0;0;0;0;0;0;0;1;0;0;0;9,561403509
472;58;4,2;2;NA;2007;3;0;0;0;1;0;0;0;0;0;0;0;0;0;0;0;0;0;0;0;0;0;0;10,68965517
473;60;5,2;3;10;2006;3;0;0;0;0;0;1;0;0;0;0;0;0;0;0;0;0;0;0;0;0;0;0;7,666666667
474;62;9,6;2;10;2001;5;0;0;0;0;0;0;0;0;0;1;0;0;0;0;0;0;0;0;1;0;0;0;7,903225806
475;64;5,6;4;4;1961;4;0;0;0;0;0;0;1;0;0;0;0;0;0;0;0;0;0;0;0;0;1;0;7,03125
476;73;4,2;3;2;2007;3;0;0;0;1;0;0;0;0;0;0;0;0;0;0;0;0;0;0;1;0;0;0;9,520547945
477;75;8,7;3;3;2001;5;1;0;0;0;0;0;0;0;0;0;0;0;0;0;0;0;0;0;1;0;0;0;8
478;83;5,4;5;2;1985;4;0;0;0;0;0;0;0;0;0;0;0;0;0;0;0;0;0;1;0;0;0;0;10,45783133
479;93;9,9;4;4;2000;5;0;0;0;0;0;0;0;0;0;0;1;0;0;0;0;0;0;0;0;0;0;0;8,591397849
480;105;8,3;4;1;2003;5;1;0;0;0;0;0;0;0;0;0;0;0;0;0;0;0;0;0;1;0;0;0;9,666666667
481;105;14,4;3;3;2003;4;0;1;0;0;0;0;0;0;0;0;0;0;0;0;0;0;0;0;1;0;0;0;5,904761905
482;122;4,8;4;5;2000;5;0;0;0;0;1;0;0;0;0;0;0;0;0;0;0;0;0;0;0;0;0;0;11,8852459
483;137;6,8;6;2;1995;4;0;0;0;1;0;0;0;0;0;0;0;0;0;0;0;0;0;0;0;0;1;0;8,759124088
484;193;1,3;6;5;1921;5;0;0;0;0;0;0;0;0;1;0;0;0;0;0;0;0;0;0;1;0;0;0;13,47150259
485;17;1,2;1;1;1950;4;0;0;0;0;0;0;0;0;1;0;0;0;0;0;0;0;0;0;1;0;0;0;11,64705882
486;19;4,2;1;5;1972;4;0;0;0;1;0;0;0;0;0;0;0;0;0;0;0;0;0;0;0;0;1;0;10,31578947
487;20;2,9;1;6;1970;4;0;0;0;0;0;0;0;0;1;0;0;0;0;0;0;0;0;0;0;0;1;0;9,5
488;23;4,4;1;9;1960;2;0;0;0;0;1;0;0;0;0;0;0;0;0;0;0;0;0;0;1;0;0;0;8,782608696
489;23;5,8;1;5;1980;NA;0;0;0;0;0;0;0;0;0;0;0;0;0;0;0;0;1;0;0;0;0;0;8,47826087
490;24;3,8;3;4;1960;4;0;0;0;0;0;0;0;0;0;0;0;0;0;0;0;0;0;1;0;0;1;0;9,166666667
491;26;5,2;1;5;2002;5;0;0;0;0;0;1;0;0;0;0;0;0;0;0;0;0;0;0;1;0;0;0;10,73076923
492;26,5;6;1;4;1960;2;0;0;0;0;0;0;0;0;0;0;0;0;0;0;0;1;0;0;0;0;1;0;7,471698113
493;27;12,9;1;NA;2004;4;0;1;0;0;0;0;0;0;0;0;0;0;0;0;0;0;0;0;1;0;0;0;7,407407407
494;30;2,9;1;3;1960;4;0;0;0;0;0;0;0;0;1;0;0;0;0;0;0;0;0;0;1;0;0;0;10
495;30;5,5;1;NA;1960;5;0;0;0;0;0;0;0;0;0;0;0;0;0;0;0;0;0;1;0;0;1;0;8,5
496;30;9,1;1;3;1975;4;0;0;1;0;0;0;0;0;0;0;0;0;0;0;0;0;0;0;0;0;1;0;7,333333333
497;31,6;6,6;1;9;1980;4;0;0;0;1;0;0;0;0;0;0;0;0;0;0;0;0;0;0;0;0;1;0;7,120253165
498;32;4,9;1;1;1937;4;0;0;0;0;0;0;0;0;0;0;0;0;0;0;0;0;0;1;1;0;0;0;11,25
499;32,5;3,6;1;NA;1950;4;0;0;0;1;0;0;0;0;0;0;0;0;0;0;0;0;0;0;0;0;1;0;7,384615385
500;33;8,1;1;4;2003;4;0;0;0;0;1;0;0;0;0;0;0;0;0;0;0;0;0;0;1;0;0;0;10,3030303
501;37;2,6;2;2;1952;2;0;0;0;0;0;0;0;0;1;0;0;0;0;0;0;0;0;0;1;0;0;0;8,378378378
502;37;3;2;3;1969;4;0;0;0;1;0;0;0;0;0;0;0;0;0;0;0;0;0;0;0;0;1;0;7,972972973
503;38;1,8;2;9;1980;4;0;0;0;0;0;0;0;0;0;0;0;0;0;0;0;0;1;0;0;0;1;0;7,842105263
504;38;4,8;2;1;1970;4;0;0;0;0;0;1;0;0;0;0;0;0;0;0;0;0;0;0;1;0;0;0;7,868421053
505;38;4,2;2;2;1972;4;0;0;0;1;0;0;0;0;0;0;0;0;0;0;0;0;0;0;0;0;1;0;7,368421053
506;39;7,5;2;4;1995;5;0;0;1;0;0;0;0;0;0;0;0;0;0;0;0;0;0;0;0;0;1;0;8,974358974
507;46;8,1;2;7;1979;4;0;0;0;0;0;0;0;0;0;1;0;0;0;0;0;0;0;0;0;0;1;0;6,739130435
508;47;6,6;2;7;1978;4;0;0;1;0;0;0;0;0;0;0;0;0;0;0;0;0;0;0;1;0;0;0;8,085106383
509;49;4;3;6;1972;2;0;0;0;0;0;1;0;0;0;0;0;0;0;0;0;0;0;0;0;0;1;0;6,979591837
510;50;3,8;2;3;1960;4;0;0;0;0;0;0;0;0;1;0;0;0;0;0;0;0;0;0;1;0;0;0;8,1
511;52;12,6;2;4;1997;3;0;0;0;0;0;0;0;0;0;0;0;1;0;0;0;0;0;0;0;0;1;0;7,692307692
512;52;5,1;2;9;1986;4;0;0;0;0;0;1;0;0;0;0;0;0;0;0;0;0;0;0;0;0;1;0;7,865384615
513;53;10,1;3;1;1981;4;0;0;0;0;0;0;0;0;0;0;0;1;0;0;0;0;0;0;0;0;1;0;7,679245283
514;58;13,4;2;2;1998;5;0;1;0;0;0;0;0;0;0;0;0;0;0;0;0;0;0;0;0;0;1;0;6,896551724
515;60;4;2;4;1950;4;0;0;0;1;0;0;0;0;0;0;0;0;0;0;0;0;0;0;0;0;0;0;8,166666667
516;61;7,8;2;NA;1978;5;0;0;0;0;0;0;0;0;0;0;0;0;0;0;1;0;0;0;0;0;1;0;6,229508197
517;63;3,4;2;4;1937;2;0;0;0;1;0;0;0;0;0;0;0;0;0;0;0;0;0;0;1;0;0;0;11,34920635
518;68;15,5;3;1;1999;5;0;0;0;0;0;0;0;0;0;0;0;0;1;0;0;0;0;0;1;0;0;0;7,058823529
519;72;9;3;2;2000;4;0;0;0;0;1;0;0;0;0;0;0;0;0;0;0;0;0;0;0;0;1;0;7,708333333
520;81;2,4;3;2;1938;2;0;0;0;0;0;0;0;0;1;0;0;0;0;0;0;0;0;0;0;0;0;0;10,01234568
521;82;4,5;2;1;1935;3;0;0;0;1;0;0;0;0;0;0;0;0;0;0;0;0;0;0;0;0;0;0;13,41463415
522;83;5,4;5;2;1985;4;0;0;0;0;0;0;0;0;0;0;0;0;0;0;0;0;0;1;0;0;0;0;10,45783133
523;83;4,3;3;6;1990;5;0;0;0;0;0;0;1;0;0;0;0;0;0;0;0;0;0;0;1;0;0;0;6,506024096
524;85;8,6;4;2;1979;4;0;0;0;0;0;0;0;0;0;0;0;1;0;0;0;0;0;0;0;0;1;0;7,058823529
525;89;6,9;3;6;2005;5;0;0;0;1;0;0;0;0;0;0;0;0;0;0;0;0;0;0;0;0;0;0;12,92134831
526;107;6,7;4;3;2002;5;0;0;0;1;0;0;0;0;0;0;0;0;0;0;0;0;0;0;0;0;1;0;7,663551402
527;130;5;4;1;1999;5;0;0;0;0;1;0;0;0;0;0;0;0;0;0;0;0;0;0;0;0;0;0;10,84615385
528;24;5,6;1;4;1973;4;0;0;0;0;0;0;0;0;0;0;0;0;0;0;0;0;1;0;0;0;1;0;8,291666667
529;26;2,1;1;7;1968;4;0;0;0;0;0;0;0;0;1;0;0;0;0;0;0;0;0;0;0;0;1;0;10,76923077
530;28;5,3;1;2;1976;4;0;0;0;1;0;0;0;0;0;0;0;0;0;0;0;0;0;0;0;0;1;0;9,285714286
531;29;3,5;1;7;1967;4;0;0;0;0;1;0;0;0;0;0;0;0;0;0;0;0;0;0;1;0;0;0;7,344827586
532;30;4;1;1;1920;5;0;0;0;0;1;0;0;0;0;0;0;0;0;0;0;0;0;0;1;0;0;0;12,96666667
533;31;6,7;1;7;1974;4;0;0;0;1;0;0;0;0;0;0;0;0;0;0;0;0;0;0;1;0;0;0;7,419354839
534;31;5,2;1;2;2001;5;0;0;0;1;0;0;0;0;0;0;0;0;0;0;0;0;0;0;0;0;1;0;10,64516129
535;31;6,7;1;1;1975;4;0;0;0;1;0;0;0;0;0;0;0;0;0;0;0;0;0;0;1;0;0;0;8,064516129
536;31;5,8;1;10;1976;5;0;0;0;0;0;0;0;0;0;0;0;0;0;0;1;0;0;0;0;0;1;0;8,387096774
537;31;5,6;1;NA;1992;4;0;0;0;1;0;0;0;0;0;0;0;0;0;0;0;0;0;0;0;0;1;0;8,548387097
538;33;6,9;2;5;2004;5;0;0;0;0;0;1;0;0;0;0;0;0;0;0;0;0;0;0;0;0;1;0;10
539;33;4,2;1;8;1968;2;0;0;0;1;0;0;0;0;0;0;0;0;0;0;0;0;0;0;1;0;0;0;8,03030303
540;33;7,2;1;8;1980;4;0;0;0;1;0;0;0;0;0;0;0;0;0;0;0;0;0;0;0;0;1;0;8,545454545
541;35;6,4;2;4;1960;2;0;0;0;0;0;0;0;0;0;0;0;0;0;0;0;0;1;0;1;0;0;0;7,142857143
542;35;8,6;2;7;1977;4;1;0;0;0;0;0;0;0;0;0;0;0;0;0;0;0;0;0;0;0;1;0;7,485714286
543;36;9,1;1;8;2003;5;0;0;0;0;0;0;0;0;0;0;1;0;0;0;0;0;0;0;1;0;0;0;8,333333333
544;36;4,5;2;3;1970;4;0;0;0;0;1;0;0;0;0;0;0;0;0;0;0;0;0;0;0;0;1;0;7,777777778
545;37;2;2;5;1960;4;0;0;0;0;0;0;0;0;1;0;0;0;0;0;0;0;0;0;0;0;1;0;7,297297297
546;39;1,3;2;11;1970;4;0;0;0;0;0;0;0;0;1;0;0;0;0;0;0;0;0;0;0;0;1;0;9,102564103
547;39;8,8;2;4;1975;4;0;0;0;0;0;0;0;0;0;1;0;0;0;0;0;0;0;0;0;0;1;0;7,102564103
548;41;4,3;1;1;1997;4;0;0;0;0;0;0;1;0;0;0;0;0;0;0;0;0;0;0;0;0;0;0;7,804878049
549;42;5,2;2;2;1934;5;0;0;0;0;0;0;0;0;0;0;0;0;0;0;0;0;0;1;1;0;0;0;11
550;43;5,2;2;1;1937;4;0;0;0;0;0;0;0;0;0;0;0;0;0;0;0;0;0;1;0;0;1;0;8,139534884
551;43;3,9;2;3;1950;2;0;0;0;1;0;0;0;0;0;0;0;0;0;0;0;0;0;0;0;0;1;0;8,837209302
552;44;11,5;2;6;2002;4;0;0;0;0;0;0;0;0;0;0;1;0;0;0;0;0;0;0;1;0;0;0;7,204545455
553;45;15,9;2;6;2003;4;0;1;0;0;0;0;0;0;0;0;0;0;0;0;0;0;0;0;1;0;0;0;7,666666667
554;47;3,8;3;9;1970;4;0;0;0;0;0;1;0;0;0;0;0;0;0;0;0;0;0;0;1;0;0;0;7,553191489
555;49;5,4;2;3;1950;5;0;0;0;0;0;0;1;0;0;0;0;0;0;0;0;0;0;0;1;0;0;0;8,469387755
556;50;3,8;2;3;1960;4;0;0;0;0;0;0;0;0;1;0;0;0;0;0;0;0;0;0;1;0;0;0;8,1
557;53;6,9;3;NA;1973;5;0;0;0;1;0;0;0;0;0;0;0;0;0;0;0;0;0;0;0;0;1;0;8,339622642
558;54;14,9;2;3;2006;5;0;1;0;0;0;0;0;0;0;0;0;0;0;0;0;0;0;0;1;0;0;0;7,87037037
559;55;13,3;2;NA;2005;5;0;1;0;0;0;0;0;0;0;0;0;0;0;0;0;0;0;0;1;0;0;0;6,872727273
560;56;7;3;4;1975;5;0;0;0;1;0;0;0;0;0;0;0;0;0;0;0;0;0;0;0;0;0;0;7,589285714
561;56;4,5;2;4;2002;5;0;0;0;1;0;0;0;0;0;0;0;0;0;0;0;0;0;0;0;0;1;0;13,83928571
562;56;2;2;4;1935;4;0;0;0;0;0;0;0;0;1;0;0;0;0;0;0;0;0;0;1;0;0;0;13,83928571
563;57;4,2;2;3;2007;3;0;0;0;1;0;0;0;0;0;0;0;0;0;0;0;0;0;0;1;0;0;0;10
564;59;6,5;3;8;1984;2;0;0;0;0;0;1;0;0;0;0;0;0;0;0;0;0;0;0;0;0;1;0;5,93220339
565;61;3,4;2;2;1938;2;0;0;0;0;0;1;0;0;0;0;0;0;0;0;0;0;0;0;1;0;0;0;10,16393443
566;61;9,5;3;NA;1979;4;1;0;0;0;0;0;0;0;0;0;0;0;0;0;0;0;0;0;0;0;1;0;6,508196721
567;62;6,2;3;1;1983;4;0;0;0;0;0;0;0;0;0;0;0;0;0;0;0;0;1;0;0;0;1;0;7,983870968
568;62;12,1;3;2;2004;5;0;0;0;0;0;0;0;0;0;0;0;1;0;0;0;0;0;0;1;0;0;0;10,56451613
569;67;6,7;2;5;2006;3;0;0;1;0;0;0;0;0;0;0;0;0;0;0;0;0;0;0;1;0;0;0;11,08955224
570;67;7,3;3;5;1995;4;0;0;0;0;0;1;0;0;0;0;0;0;0;0;0;0;0;0;0;0;1;0;6,805970149
571;70;6,7;3;3;2006;3;0;0;1;0;0;0;0;0;0;0;0;0;0;0;0;0;0;0;1;0;0;0;9,857142857
572;73;4,2;3;4;2007;3;0;0;0;1;0;0;0;0;0;0;0;0;0;0;0;0;0;0;1;0;0;0;9,383561644
573;74;5,2;3;NA;1955;2;0;0;0;0;0;0;0;0;0;0;0;0;0;0;0;0;0;1;0;0;1;0;7,77027027
574;107;10,8;3;3;1999;5;0;0;0;0;0;0;0;0;0;0;0;1;0;0;0;0;0;0;0;0;1;0;10,79439252
575;113;6,9;4;3;2007;3;0;0;0;0;0;0;0;0;1;0;0;0;0;0;0;0;0;0;0;0;0;0;15,75221239
576;186;5,1;4;10;2000;5;0;0;0;1;0;0;0;0;0;0;0;0;0;0;0;0;0;0;1;0;0;0;11,55913978
577;20;1,4;1;7;1970;2;0;0;0;0;0;0;0;0;1;0;0;0;0;0;0;0;0;0;1;0;0;0;10,5
578;23;2;1;NA;1964;4;0;0;0;0;0;0;0;0;1;0;0;0;0;0;0;0;0;0;0;0;1;0;10,43478261
579;26;8,2;1;6;1964;2;0;0;1;0;0;0;0;0;0;0;0;0;0;0;0;0;0;0;1;0;0;0;8,384615385
580;27;4;1;2;1964;2;0;0;0;0;1;0;0;0;0;0;0;0;0;0;0;0;0;0;0;0;1;0;8,259259259
581;27;2,1;1;2;1979;4;0;0;0;0;0;0;0;0;0;0;0;0;0;0;0;0;1;0;0;0;1;0;9,074074074
582;28;4;1;3;1963;2;0;0;0;0;1;0;0;0;0;0;0;0;0;0;0;0;0;0;0;0;1;0;7,428571429
583;29;5,4;1;10;1972;4;0;0;0;0;1;0;0;0;0;0;0;0;0;0;0;0;0;0;0;0;1;0;7,24137931
584;29;6,9;1;NA;1936;2;0;0;0;0;0;1;0;0;0;0;0;0;0;0;0;0;0;0;1;0;0;0;4,137931034
585;33;8,8;1;3;2002;4;1;0;0;0;0;0;0;0;0;0;0;0;0;0;0;0;0;0;1;0;0;0;8,818181818
586;35;8,6;2;3;1978;4;1;0;0;0;0;0;0;0;0;0;0;0;0;0;0;0;0;0;0;0;1;0;7,428571429
587;35;15,4;1;4;2001;4;0;1;0;0;0;0;0;0;0;0;0;0;0;0;0;0;0;0;1;0;0;0;6,285714286
588;35;7,5;2;1;2005;4;1;0;0;0;0;0;0;0;0;0;0;0;0;0;0;0;0;0;1;0;0;0;10,85714286
589;36;5,6;1;4;1965;4;0;0;0;0;0;1;0;0;0;0;0;0;0;0;0;0;0;0;1;0;0;0;7
590;37;4,2;2;7;1972;4;0;0;0;1;0;0;0;0;0;0;0;0;0;0;0;0;0;0;0;0;1;0;8,108108108
591;37;14,8;1;7;2005;4;0;1;0;0;0;0;0;0;0;0;0;0;0;0;0;0;0;0;1;0;0;0;6,756756757
592;37;4,3;2;1;1969;4;0;0;0;0;0;0;0;0;0;0;0;0;0;0;0;0;0;1;0;0;1;0;8,167567568
593;38;5,3;2;NA;1971;4;0;0;0;0;0;1;0;0;0;0;0;0;0;0;0;0;0;0;0;0;1;0;6,578947368
594;38;6,8;2;NA;1970;2;0;0;0;0;0;1;0;0;0;0;0;0;0;0;0;0;0;0;1;0;0;0;6,526315789
595;38;4,2;1;5;2001;5;0;0;0;0;1;0;0;0;0;0;0;0;0;0;0;0;0;0;1;0;0;0;10,5
596;42;6,8;2;1;1970;NA;0;0;0;1;0;0;0;0;0;0;0;0;0;0;0;0;0;0;0;0;1;0;7,619047619
597;48;4,2;2;4;2007;3;0;0;0;1;0;0;0;0;0;0;0;0;0;0;0;0;0;0;1;0;0;0;10,3125
598;50;8,2;2;3;1982;4;1;0;0;0;0;0;0;0;0;0;0;0;0;0;0;0;0;0;0;0;1;0;7,29
599;54;6,5;2;1;1999;NA;0;0;0;0;0;1;0;0;0;0;0;0;0;0;0;0;0;0;0;0;0;0;9,537037037
600;54;9,2;3;5;1976;4;0;0;1;0;0;0;0;0;0;0;0;0;0;0;0;0;0;0;0;0;1;0;7,259259259
601;55;5,6;2;1;2008;3;0;0;0;1;0;0;0;0;0;0;0;0;0;0;0;0;0;0;1;0;0;0;10,18181818
602;56;4;2;2;2007;NA;0;0;0;1;0;0;0;0;0;0;0;0;0;0;0;0;0;0;0;0;0;0;13,125
603;56;3,5;2;2;2005;NA;0;0;0;0;0;0;0;0;1;0;0;0;0;0;0;0;0;0;0;0;0;0;13,75
604;56;4,2;2;3;2007;3;0;0;0;1;0;0;0;0;0;0;0;0;0;0;0;0;0;0;1;0;0;0;10,08928571
605;57;6,7;3;2;1978;2;0;0;0;1;0;0;0;0;0;0;0;0;0;0;0;0;0;0;0;0;1;0;6,543859649
606;57;12,6;2;NA;2001;5;0;0;0;0;0;0;0;0;0;0;0;1;0;0;0;0;0;0;1;0;0;0;9,649122807
607;57;7,4;3;NA;1960;2;0;0;1;0;0;0;0;0;0;0;0;0;0;0;0;0;0;0;0;0;1;0;6,842105263
608;57;7,3;3;2;1976;4;0;0;0;1;0;0;0;0;0;0;0;0;0;0;0;0;0;0;0;0;1;0;8,070175439
609;63;8,6;3;3;1982;4;0;0;0;0;0;0;0;0;0;0;0;1;0;0;0;0;0;0;0;0;1;0;7,365079365
610;63;4,2;3;3;2007;3;0;0;0;1;0;0;0;0;0;0;0;0;0;0;0;0;0;0;1;0;0;0;9,619047619
611;67;7,1;4;1;1976;4;0;0;0;1;0;0;0;0;0;0;0;0;0;0;0;0;0;0;0;0;1;0;7,686567164
612;73;4,2;3;3;2007;3;0;0;0;1;0;0;0;0;0;0;0;0;0;0;0;0;0;0;1;0;0;0;9,452054795
613;73;4,2;3;4;2007;3;0;0;0;1;0;0;0;0;0;0;0;0;0;0;0;0;0;0;1;0;0;0;9,452054795
614;74;4,2;3;2;2007;3;0;0;0;1;0;0;0;0;0;0;0;0;0;0;0;0;0;0;1;0;0;0;8,608108108
615;82;4,5;2;1;1935;NA;0;0;0;1;0;0;0;0;0;0;0;0;0;0;0;0;0;0;0;0;0;0;11,34146341
616;82;5;3;NA;2001;5;0;0;0;0;1;0;0;0;0;0;0;0;0;0;0;0;0;0;1;0;0;0;12,80487805
617;83;6,7;3;2;1997;5;0;0;0;1;0;0;0;0;0;0;0;0;0;0;0;0;0;0;0;0;1;0;8,614457831
618;85;8,8;3;1;2005;5;1;0;0;0;0;0;0;0;0;0;0;0;0;0;0;0;0;0;1;0;0;0;10,82352941
619;111;3,2;4;6;2002;5;0;0;0;0;0;0;0;0;0;0;0;0;0;0;0;0;1;0;1;0;0;0;16,03603604
620;125;8,3;3;4;1997;5;0;0;0;0;0;0;0;0;0;0;0;0;0;0;1;0;0;0;0;0;0;0;7,992
621;160;4,1;4;4;2002;NA;0;0;0;1;0;0;0;0;0;0;0;0;0;0;0;0;0;0;0;0;0;0;15,9375
622;20;1,4;1;7;1970;2;0;0;0;0;0;0;0;0;1;0;0;0;0;0;0;0;0;0;1;0;0;0;10,5
623;26;8,2;1;6;1964;2;0;0;1;0;0;0;0;0;0;0;0;0;0;0;0;0;0;0;1;0;0;0;8,384615385
624;27;1,7;1;1;1962;4;0;0;0;0;0;0;0;0;0;0;0;0;0;0;0;0;1;0;0;0;1;0;8,518518519
625;28;5,3;1;1;1950;2;0;0;0;1;0;0;0;0;0;0;0;0;0;0;0;0;0;0;1;0;0;0;8,75
626;28;5,5;2;4;1968;4;0;0;0;1;0;0;0;0;0;0;0;0;0;0;0;0;0;0;0;0;1;0;8,75
627;30;0,9;1;1;1952;4;0;0;0;0;0;0;0;0;1;0;0;0;0;0;0;0;0;0;1;0;0;0;10,66666667
628;32;4,2;2;3;2007;3;0;0;0;1;0;0;0;0;0;0;0;0;0;0;0;0;0;0;1;0;0;0;12,25
629;32;2,2;1;7;1961;5;0;0;0;0;0;0;0;0;1;0;0;0;0;0;0;0;0;0;1;0;0;0;9,0625
630;35;8,6;2;3;1978;4;1;0;0;0;0;0;0;0;0;0;0;0;0;0;0;0;0;0;0;0;1;0;7,428571429
631;36;1,8;2;6;1965;4;0;0;0;0;0;0;0;0;0;0;0;0;0;0;0;0;1;0;1;0;0;0;6,944444444
632;36;1;2;5;1968;4;0;0;0;0;0;0;0;0;1;0;0;0;0;0;0;0;0;0;0;0;1;0;10
633;36;3,9;2;5;1965;4;0;0;0;0;0;1;0;0;0;0;0;0;0;0;0;0;0;0;0;0;1;0;8,333333333
634;37;14,8;1;7;2005;4;0;1;0;0;0;0;0;0;0;0;0;0;0;0;0;0;0;0;1;0;0;0;6,756756757
635;37;4,2;2;7;1972;4;0;0;0;1;0;0;0;0;0;0;0;0;0;0;0;0;0;0;0;0;1;0;8,108108108
636;37;4,1;2;1;1969;4;0;0;0;0;0;0;0;0;0;0;0;0;0;0;0;0;0;1;0;0;1;0;7,162162162
637;37;6,3;2;8;1972;4;0;0;0;0;0;0;0;0;0;0;0;0;0;0;0;0;0;1;0;0;1;0;7,540540541
638;38;5,3;2;NA;1971;4;0;0;0;0;0;1;0;0;0;0;0;0;0;0;0;0;0;0;0;0;1;0;6,578947368
639;40;3,3;2;1;1925;5;0;0;0;1;0;0;0;0;0;0;0;0;0;0;0;0;0;0;1;0;0;0;11,95
640;40;6,5;2;3;1970;4;0;0;1;0;0;0;0;0;0;0;0;0;0;0;0;0;0;0;1;0;0;0;8
641;41;4,3;1;1;1997;4;0;0;0;0;0;0;1;0;0;0;0;0;0;0;0;0;0;0;0;0;0;0;7,804878049
642;41;5,8;2;3;1961;4;0;0;0;1;0;0;0;0;0;0;0;0;0;0;0;0;0;0;0;0;1;0;7,56097561
643;42;6,8;2;1;1970;NA;0;0;0;1;0;0;0;0;0;0;0;0;0;0;0;0;0;0;0;0;1;0;7,619047619
644;44;2;2;3;1966;5;0;0;0;0;0;0;0;0;1;0;0;0;0;0;0;0;0;0;0;0;1;0;10
645;44;2,6;2;3;1966;5;0;0;0;0;0;0;0;0;1;0;0;0;0;0;0;0;0;0;1;0;0;0;11,02727273
646;47;9;2;5;1978;4;0;0;0;0;0;0;0;0;0;0;0;1;0;0;0;0;0;0;0;0;1;0;7,659574468
647;48;6,9;2;1;2007;3;0;0;0;0;0;0;0;0;0;0;0;0;0;0;0;0;1;0;0;0;0;0;8,3125
648;50;3,9;2;3;1952;5;0;0;0;0;0;0;0;0;0;0;0;0;0;0;0;0;1;0;1;0;0;0;9,32
649;53;5,7;2;10;2005;4;0;0;0;1;0;0;0;0;0;0;0;0;0;0;0;0;0;0;1;0;0;0;9,490566038
650;54;9,2;3;5;1976;4;0;0;1;0;0;0;0;0;0;0;0;0;0;0;0;0;0;0;0;0;1;0;7,259259259
651;56;4,9;3;3;1938;5;0;0;0;0;0;0;0;0;0;0;0;0;0;0;0;0;0;1;0;0;0;0;11,42857143
652;56;5,7;2;4;1936;5;0;0;0;0;0;0;0;0;0;0;0;0;0;0;0;0;0;1;1;0;0;0;11,07142857
653;57;6,7;3;2;1978;2;0;0;0;1;0;0;0;0;0;0;0;0;0;0;0;0;0;0;0;0;1;0;6,543859649
654;73;12,9;3;NA;2003;5;0;0;0;0;0;0;0;0;0;0;0;0;1;0;0;0;0;0;1;0;0;0;9,109589041
655;75;5,7;3;3;2001;5;0;0;0;0;0;1;0;0;0;0;0;0;0;0;0;0;0;0;0;0;0;0;8,933333333
656;76;7,5;3;NA;1999;5;0;0;1;0;0;0;0;0;0;0;0;0;0;0;0;0;0;0;0;0;1;0;8,815789474
657;82;4,1;3;1;2005;5;0;0;0;1;0;0;0;0;0;0;0;0;0;0;0;0;0;0;1;0;0;0;13,41463415
658;83;6,7;3;2;1997;5;0;0;0;1;0;0;0;0;0;0;0;0;0;0;0;0;0;0;0;0;1;0;8,614457831
659;85;9,7;3;2;2006;5;0;0;0;0;0;0;0;0;0;0;0;0;0;0;1;0;0;0;0;0;0;0;8,235294118
660;91;4,2;3;1;2006;5;0;0;0;1;0;0;0;0;0;0;0;0;0;0;0;0;0;0;0;0;0;0;10,31868132
661;130;2,4;4;2;2006;5;0;0;0;0;0;0;0;0;1;0;0;0;0;0;0;0;0;0;0;0;0;0;10,5
662;20;5,8;1;1;1960;NA;0;0;0;0;0;0;0;0;0;0;0;0;0;0;0;0;1;0;1;0;0;0;8,6
663;21;3,1;1;8;1968;5;0;0;0;1;0;0;0;0;0;0;0;0;0;0;0;0;0;0;0;0;1;0;10,47619048
664;23;7,8;1;2;1970;4;0;0;0;1;0;0;0;0;0;0;0;0;0;0;0;0;0;0;1;0;0;0;8,47826087
665;23;6,8;1;4;1960;4;0;0;0;0;0;1;0;0;0;0;0;0;0;0;0;0;0;0;0;0;1;0;8,782608696
666;23;5,8;1;3;1985;4;0;0;0;0;0;1;0;0;0;0;0;0;0;0;0;0;0;0;1;0;0;0;8,173913043
667;24;9;1;4;1970;4;0;0;1;0;0;0;0;0;0;0;0;0;0;0;0;0;0;0;1;0;0;0;9
668;26;8,2;1;2;1970;5;0;0;1;0;0;0;0;0;0;0;0;0;0;0;0;0;0;0;1;0;0;0;8,653846154
669;27;8;1;11;1975;4;0;0;1;0;0;0;0;0;0;0;0;0;0;0;0;0;0;0;0;0;0;0;8,148148148
670;27;5,3;1;1;1960;4;0;0;0;1;0;0;0;0;0;0;0;0;0;0;0;0;0;0;1;0;0;0;8,888888889
671;28;2;1;6;2003;5;0;0;0;0;0;0;0;0;1;0;0;0;0;0;0;0;0;0;1;0;0;0;13,57142857
672;28;2,1;2;15;1975;4;0;0;0;0;0;0;0;0;0;0;0;0;0;0;0;0;1;0;0;0;1;0;9,178571429
673;30;8;1;4;1974;2;0;0;1;0;0;0;0;0;0;0;0;0;0;0;0;0;0;0;0;0;1;0;7
674;31;8,4;1;6;1985;4;1;0;0;0;0;0;0;0;0;0;0;0;0;0;0;0;0;0;0;0;1;0;8,129032258
675;31;9,5;1;6;2000;NA;0;0;1;0;0;0;0;0;0;0;0;0;0;0;0;0;0;0;0;0;1;0;9,516129032
676;32;14,8;1;1;2003;4;0;1;0;0;0;0;0;0;0;0;0;0;0;0;0;0;0;0;1;0;0;0;8,0625
677;34;6,7;1;3;2002;4;0;0;0;1;0;0;0;0;0;0;0;0;0;0;0;0;0;0;1;0;0;0;10,29411765
678;35;2,5;1;NA;1935;4;0;0;0;0;0;0;0;0;1;0;0;0;0;0;0;0;0;0;1;0;0;0;8,428571429
679;36;13,4;2;2;1999;4;0;1;0;0;0;0;0;0;0;0;0;0;0;0;0;0;0;0;0;0;1;0;8,333333333
680;36;2,5;2;NA;1994;NA;0;0;0;0;0;0;0;0;1;0;0;0;0;0;0;0;0;0;0;0;0;0;12,22222222
681;37;9,5;2;7;1969;5;0;0;0;0;0;0;0;0;0;1;0;0;0;0;0;0;0;0;0;0;1;0;6,621621622
682;37;2,2;2;7;1973;5;0;0;0;0;0;0;0;0;0;0;0;0;0;0;0;0;1;0;0;0;1;0;8,837837838
683;38;3,4;1;NA;1952;5;0;0;0;0;1;0;0;0;0;0;0;0;0;0;0;0;0;0;1;0;0;0;8,947368421
684;41;9,7;1;1;2007;3;0;0;0;0;0;0;0;0;0;0;0;0;0;0;1;0;0;0;1;0;0;0;8,658536585
685;47;5,3;2;3;2006;5;0;0;0;1;0;0;0;0;0;0;0;0;0;0;0;0;0;0;1;0;0;0;13,61702128
686;47;6,3;3;2;1967;2;0;0;0;0;0;0;0;0;0;0;0;0;0;0;0;0;0;1;0;0;1;0;7,765957447
687;48;6,2;2;5;1974;4;0;0;0;1;0;0;0;0;0;0;0;0;0;0;0;0;0;0;0;0;1;0;8,541666667
688;48;11,6;3;1;1977;4;0;0;0;0;0;0;0;0;0;0;1;0;0;0;0;0;0;0;0;0;1;0;6,90625
689;49;7,7;3;3;1968;NA;0;0;1;0;0;0;0;0;0;0;0;0;0;0;0;0;0;0;0;0;1;0;7,071428571
690;49;3,8;2;NA;1970;NA;0;0;0;0;0;1;0;0;0;0;0;0;0;0;0;0;0;0;1;0;0;0;7,346938776
691;50;8;2;3;1978;4;1;0;0;0;0;0;0;0;0;0;0;0;0;0;0;0;0;0;0;0;1;0;7,9
692;51;0,7;2;1;1970;5;0;0;0;0;0;0;0;0;1;0;0;0;0;0;0;0;0;0;0;0;0;0;12,94117647
693;52;5,7;3;3;1974;5;0;0;0;1;0;0;0;0;0;0;0;0;0;0;0;0;0;0;0;0;1;0;7,307692308
694;52;3,5;2;2;1956;2;0;0;0;0;1;0;0;0;0;0;0;0;0;0;0;0;0;0;1;0;0;0;7,5
695;57;4,8;2;2;2006;3;0;0;0;1;0;0;0;0;0;0;0;0;0;0;0;0;0;0;0;0;0;0;10,21052632
696;58;8,7;3;NA;1967;2;0;0;1;0;0;0;0;0;0;0;0;0;0;0;0;0;0;0;1;0;0;0;6,551724138
697;58;5,6;2;2;2004;5;0;0;0;0;0;1;0;0;0;0;0;0;0;0;0;0;0;0;0;0;0;0;8,189655172
698;59;11,9;3;5;1980;4;0;0;0;0;0;0;0;0;0;0;0;1;0;0;0;0;0;0;0;0;1;0;7,406779661
699;62;6,2;2;3;2004;5;0;0;0;1;0;0;0;0;0;0;0;0;0;0;0;0;0;0;1;0;0;0;9,927419355
700;62;6,9;3;8;1978;4;0;0;0;0;0;1;0;0;0;0;0;0;0;0;0;0;0;0;0;0;1;0;5,806451613
701;68;8,5;3;NA;2001;4;0;0;0;0;0;0;0;0;0;0;0;0;0;0;0;1;0;0;0;0;1;0;6,911764706
702;70;6,9;4;4;1978;4;0;0;0;0;0;1;0;0;0;0;0;0;0;0;0;0;0;0;0;0;1;0;6,857142857
703;77;3,4;3;1;2000;NA;0;0;0;0;1;0;0;0;0;0;0;0;0;0;0;0;0;0;1;0;0;0;10,51948052
704;82;4,5;2;1;1935;3;0;0;0;1;0;0;0;0;0;0;0;0;0;0;0;0;0;0;0;0;0;0;11,34146341
705;88;5,6;3;7;2000;5;0;0;0;1;0;0;0;0;0;0;0;0;0;0;0;0;0;0;0;0;0;0;9,829545455
706;106;0,45;3;2;1930;4;0;0;0;0;0;0;0;0;1;0;0;0;0;0;0;0;0;0;1;0;0;0;7,830188679
707;132;9,7;5;3;2006;3;0;0;0;0;0;0;0;0;0;0;0;0;0;0;1;0;0;0;1;0;0;0;7,954545455
708;24;4,4;1;7;1970;5;0;0;0;0;1;0;0;0;0;0;0;0;0;0;0;0;0;0;1;0;0;0;8,75
709;24;5,6;1;2;1965;2;0;0;0;0;0;0;1;0;0;0;0;0;0;0;0;0;0;0;0;0;1;0;7,083333333
710;26;2,1;2;15;1973;4;0;0;0;0;0;0;0;0;0;0;0;0;0;0;0;0;1;0;0;0;1;0;10,11538462
711;27;2,6;1;9;1968;5;0;0;0;0;0;0;0;0;1;0;0;0;0;0;0;0;0;0;0;0;1;0;10,37037037
712;30;4,5;1;1;1935;5;0;0;0;1;0;0;0;0;0;0;0;0;0;0;0;0;0;0;1;0;0;0;10
713;30;6,7;1;4;1975;2;0;0;0;1;0;0;0;0;0;0;0;0;0;0;0;0;0;0;0;0;1;0;8,266666667
714;31;5,7;1;3;1980;4;0;0;0;1;0;0;0;0;0;0;0;0;0;0;0;0;0;0;0;0;1;0;8
715;31;4,7;1;7;1975;2;0;0;0;0;0;1;0;0;0;0;0;0;0;0;0;0;0;0;1;0;0;0;8,064516129
716;33;5,4;1;3;1968;4;0;0;0;1;0;0;0;0;0;0;0;0;0;0;0;0;0;0;1;0;0;0;9,242424242
717;35;5,7;1;NA;2006;3;0;0;0;1;0;0;0;0;0;0;0;0;0;0;0;0;0;0;0;0;0;0;10,71428571
718;36;14,8;1;NA;2005;4;0;1;0;0;0;0;0;0;0;0;0;0;0;0;0;0;0;0;1;0;0;0;6,638888889
719;37;6,7;2;5;2006;3;0;0;1;0;0;0;0;0;0;0;0;0;0;0;0;0;0;0;1;0;0;0;10,40540541
720;37;5,9;2;3;1957;4;0;0;0;0;0;0;0;0;0;0;0;0;0;0;0;1;0;0;0;0;1;0;7,513513514
721;37;4;2;3;1970;5;0;0;0;1;0;0;0;0;0;0;0;0;0;0;0;0;0;0;0;0;1;0;7,837837838
722;37;6,4;2;8;1980;NA;0;0;0;0;0;0;0;0;0;0;0;0;0;0;0;0;1;0;0;0;1;0;6,756756757
723;39;6,7;1;5;2006;3;0;0;1;0;0;0;0;0;0;0;0;0;0;0;0;0;0;0;1;0;0;0;8,401794872
724;40;4,2;1;NA;1955;4;0;0;0;1;0;0;0;0;0;0;0;0;0;0;0;0;0;0;1;0;0;0;8,375
725;45;9,5;2;3;2007;3;0;0;0;0;0;0;0;0;0;0;0;1;0;0;0;0;0;0;1;0;0;0;8,277777778
726;47;11,7;2;7;1985;5;0;0;0;0;0;0;0;0;0;0;0;1;0;0;0;0;0;0;0;0;1;0;7,872340426
727;49;5,3;2;NA;1950;NA;0;0;0;1;0;0;0;0;0;0;0;0;0;0;0;0;0;0;1;0;0;0;7,142857143
728;54;15,4;3;NA;2002;5;0;1;0;0;0;0;0;0;0;0;0;0;0;0;0;0;0;0;1;0;0;0;8,240740741
729;59;7,9;3;NA;1990;5;0;0;0;1;0;0;0;0;0;0;0;0;0;0;0;0;0;0;0;0;0;0;8,983050847
730;63;10,1;3;NA;1985;5;0;0;0;0;0;0;0;0;0;0;0;1;0;0;0;0;0;0;0;0;1;0;7,523809524
731;72;2,8;3;3;1948;5;0;0;0;0;0;0;0;0;1;0;0;0;0;0;0;0;0;0;1;0;0;0;13,33333333
732;94;4,9;5;NA;1936;4;0;0;0;0;0;0;0;0;0;0;0;0;0;0;0;0;0;1;0;0;0;0;10,80851064
733;102;14,7;4;3;1998;5;0;1;0;0;0;0;0;0;0;0;0;0;0;0;0;0;0;0;1;0;0;0;7,623529412
734;175;4,1;6;2;2006;3;0;0;0;1;0;0;0;0;0;0;0;0;0;0;0;0;0;0;0;0;0;0;18,28571429
735;17;9,9;1;NA;1965;2;0;0;0;0;0;0;0;0;0;0;1;0;0;0;0;0;0;0;0;0;1;0;8,352941176
736;31;2,7;1;5;1950;NA;0;0;0;0;0;0;0;0;1;0;0;0;0;0;0;0;0;0;1;0;0;0;12,4516129
737;33;8;1;2;1981;4;1;0;0;0;0;0;0;0;0;0;0;0;0;0;0;0;0;0;0;0;1;0;8,303030303
738;33;5,2;1;5;2007;4;0;0;0;0;0;1;0;0;0;0;0;0;0;0;0;0;0;0;0;0;1;0;8,787878788
739;35;2,8;1;1;1936;4;0;0;0;1;0;0;0;0;0;0;0;0;0;0;0;0;0;0;0;0;1;0;9,742857143
740;35;3,9;2;8;1963;NA;0;0;0;1;0;0;0;0;0;0;0;0;0;0;0;0;0;0;0;0;1;0;9
741;38;6,3;2;9;1975;4;0;0;0;1;0;0;0;0;0;0;0;0;0;0;0;0;0;0;0;0;1;0;8,684210526
742;38;6,7;1;4;2006;3;0;0;1;0;0;0;0;0;0;0;0;0;0;0;0;0;0;0;1;0;0;0;8,815789474
743;40;0,9;2;1;1950;5;0;0;0;0;0;0;0;0;1;0;0;0;0;0;0;0;0;0;1;0;0;0;16,25
744;40;6,4;1;4;2007;3;1;0;0;0;0;0;0;0;0;0;0;0;0;0;0;0;0;0;1;0;0;0;8,5
745;41;2,9;2;1;1968;NA;0;0;0;0;0;0;0;0;1;0;0;0;0;0;0;0;0;0;0;0;1;0;10,36585366
746;44;7,6;2;3;2005;4;1;0;0;0;0;0;0;0;0;0;0;0;0;0;0;0;0;0;1;0;0;0;11,63636364
747;46;15,9;2;5;2001;5;0;1;0;0;0;0;0;0;0;0;0;0;0;0;0;0;0;0;1;0;0;0;6,630434783
748;46;10;2;5;1975;2;0;0;0;0;0;0;0;0;0;1;0;0;0;0;0;0;0;0;0;0;1;0;6,02173913
749;47;5,3;3;1;1969;5;0;0;0;0;1;0;0;0;0;0;0;0;0;0;0;0;0;0;0;0;1;0;9,031914894
750;47;6,4;2;4;2007;3;1;0;0;0;0;0;0;0;0;0;0;0;0;0;0;0;0;0;1;0;0;0;7,787234043
751;48;11,5;2;8;1986;5;0;0;0;0;0;0;0;0;0;0;0;0;1;0;0;0;0;0;1;0;0;0;6,5
752;49;3,5;3;3;1962;2;0;0;0;0;1;0;0;0;0;0;0;0;0;0;0;0;0;0;1;0;0;0;8,265306122
753;50;12,1;2;1;2006;3;0;0;0;0;0;0;0;0;0;0;0;1;0;0;0;0;0;0;1;0;0;0;9,3
754;52;5,4;2;1;1960;4;0;0;0;1;0;0;0;0;0;0;0;0;0;0;0;0;0;0;0;0;1;0;9,903846154
755;53;5,6;2;1;1996;NA;0;0;0;0;1;0;0;0;0;0;0;0;0;0;0;0;0;0;0;0;0;0;8,547169811
756;55;2,2;3;3;1960;4;0;0;0;0;0;0;0;0;1;0;0;0;0;0;0;0;0;0;1;0;0;0;12,81818182
757;55;5,6;2;1;1999;4;0;0;0;0;1;0;0;0;0;0;0;0;0;0;0;0;0;0;0;0;1;0;9,727272727
758;55;6,9;2;1;2000;4;0;0;0;0;0;0;0;0;0;0;0;0;0;0;0;0;1;0;1;0;0;0;9,272727273
759;56;9,3;2;NA;2003;NA;0;0;0;0;0;0;0;0;0;0;0;0;0;0;0;0;0;1;1;0;0;0;10,71428571
760;56;4,5;2;2;1992;NA;0;0;0;1;0;0;0;0;0;0;0;0;0;0;0;0;0;0;0;0;1;0;9,464285714
761;56;6,7;2;4;2006;3;0;0;1;0;0;0;0;0;0;0;0;0;0;0;0;0;0;0;1;0;0;0;10
762;57;7,2;3;9;1980;NA;0;0;0;1;0;0;0;0;0;0;0;0;0;0;0;0;0;0;0;0;1;0;9,385964912
763;60;12,6;3;5;1987;5;0;1;0;0;0;0;0;0;0;0;0;0;0;0;0;0;0;0;0;0;1;0;6,5
764;60;9,3;3;7;1975;4;0;0;0;0;0;0;0;0;0;1;0;0;0;0;0;0;0;0;0;0;1;0;6,266666667
765;61;3,7;2;NA;1931;2;0;0;0;1;0;0;0;0;0;0;0;0;0;0;0;0;0;0;0;0;0;0;6,803278689
766;63;9;3;NA;1984;NA;1;0;0;0;0;0;0;0;0;0;0;0;0;0;0;0;0;0;0;0;0;0;6,349206349
767;63;11,7;3;1;1988;NA;0;0;0;0;0;0;0;0;0;0;0;1;0;0;0;0;0;0;0;0;0;0;6,158730159
768;65;4,5;3;5;1993;NA;0;0;0;1;0;0;0;0;0;0;0;0;0;0;0;0;0;0;0;0;1;0;7,384615385
769;66;5,6;3;1;1999;4;0;0;0;0;1;0;0;0;0;0;0;0;0;0;0;0;0;0;0;0;1;0;10,59090909
770;68;12;3;3;1986;4;0;0;0;0;0;0;0;0;0;0;0;1;0;0;0;0;0;0;1;0;0;0;7,647058824
771;70;6,7;3;5;2006;3;0;0;1;0;0;0;0;0;0;0;0;0;0;0;0;0;0;0;1;0;0;0;9,714285714
772;71;14,6;3;4;2000;4;0;1;0;0;0;0;0;0;0;0;0;0;0;0;0;0;0;0;1;0;0;0;7,394366197
773;72;7,3;4;1;1976;4;0;0;0;1;0;0;0;0;0;0;0;0;0;0;0;0;0;0;0;0;1;0;8,75
774;72;7;2;5;2006;5;0;0;0;0;0;1;0;0;0;0;0;0;0;0;0;0;0;0;0;0;1;0;9,724305556
775;73;5,6;3;3;2000;4;0;0;0;0;1;0;0;0;0;0;0;0;0;0;0;0;0;0;1;0;0;0;9,931506849
776;82;14,8;4;3;2005;5;0;1;0;0;0;0;0;0;0;0;0;0;0;0;0;0;0;0;1;0;0;0;7,43902439
777;94;5,6;3;2;1996;NA;0;0;0;0;1;0;0;0;0;0;0;0;0;0;0;0;0;0;0;0;0;0;8,79787234
778;98;3,9;3;1;2004;4;0;0;0;1;0;0;0;0;0;0;0;0;0;0;0;0;0;0;1;0;0;0;11,73469388
779;100;5,6;4;2;1996;NA;0;0;0;0;1;0;0;0;0;0;0;0;0;0;0;0;0;0;0;0;0;0;8,79
780;124;5,3;4;1;2004;4;0;0;0;1;0;0;0;0;0;0;0;0;0;0;0;0;0;0;0;0;1;0;12,82258065
781;145;6,9;4;7;2004;NA;0;0;0;1;0;0;0;0;0;0;0;0;0;0;0;0;0;0;0;0;0;0;9,496551724
782;20;6,3;1;8;1972;4;0;0;0;0;0;0;0;0;0;0;0;0;0;0;0;0;0;1;0;0;1;0;8,95
783;22;2,2;1;2;1960;4;0;0;0;0;0;0;0;0;1;0;0;0;0;0;0;0;0;0;1;0;0;0;15,31818182
784;22;3,5;1;3;1965;2;0;0;0;0;1;0;0;0;0;0;0;0;0;0;0;0;0;0;0;0;1;0;8,090909091
785;22;5,7;1;7;1977;2;0;0;0;0;0;0;0;0;0;0;0;0;0;0;0;0;1;0;0;0;1;0;8,090909091
786;23;2,6;1;4;1952;4;0;0;0;0;0;0;0;0;1;0;0;0;0;0;0;0;0;0;1;0;0;0;9,782608696
787;23;3,8;1;2;1964;2;0;0;0;0;0;0;0;0;0;0;0;0;0;0;0;0;0;1;0;0;1;0;10,43478261
788;24;10,2;1;3;1970;5;0;0;0;0;0;0;0;0;0;1;0;0;0;0;0;0;0;0;1;0;0;0;8,333333333
789;26;2;1;2;1965;4;0;0;0;0;0;0;0;0;1;0;0;0;0;0;0;0;0;0;0;0;1;0;10,5
790;26;2,1;1;5;1970;4;0;0;0;0;0;0;0;0;0;0;0;0;0;0;0;0;1;0;0;0;1;0;9,230769231
791;27;0,16;1;4;1955;4;0;0;0;0;0;0;0;0;1;0;0;0;0;0;0;0;0;0;1;0;0;0;10,18518519
792;27;5,7;1;1;1960;5;0;0;0;0;0;0;0;0;0;0;0;0;0;0;0;0;1;0;1;0;0;0;8,611111111
793;30;2,2;1;3;1955;4;0;0;0;0;0;0;0;0;1;0;0;0;0;0;0;0;0;0;1;0;0;0;9,166666667
794;35;2,4;2;2;1960;4;0;0;0;0;0;0;0;0;1;0;0;0;0;0;0;0;0;0;0;0;1;0;11,97142857
795;37;2,7;2;2;1958;4;0;0;0;0;0;0;0;0;1;0;0;0;0;0;0;0;0;0;0;0;1;0;10,86486486
796;37;9,5;2;4;1988;4;0;0;0;0;0;0;0;0;0;0;0;1;0;0;0;0;0;0;0;0;1;0;9,810810811
797;40;2,1;2;8;1975;4;0;0;0;0;0;0;0;0;0;0;0;0;0;0;0;0;1;0;0;0;1;0;7,7
798;43;5,7;2;1;1954;4;0;0;0;0;0;1;0;0;0;0;0;0;0;0;0;0;0;0;1;0;0;0;8,069767442
799;46;5,6;2;3;2000;2;0;0;0;0;0;1;0;0;0;0;0;0;0;0;0;0;0;0;0;0;0;0;6,652173913
800;46;7,3;2;7;1980;4;0;0;0;1;0;0;0;0;0;0;0;0;0;0;0;0;0;0;0;0;1;0;8,260869565
801;47;7,4;2;1;1974;5;0;0;0;1;0;0;0;0;0;0;0;0;0;0;0;0;0;0;1;0;0;0;7,638297872
802;47;2;2;10;1970;5;0;0;0;0;0;0;0;0;1;0;0;0;0;0;0;0;0;0;0;0;1;0;9,553191489
803;48;6,3;3;2;1979;2;0;0;0;0;0;0;0;0;0;0;0;0;0;0;0;0;0;1;0;0;1;0;7,708333333
804;48;6,1;2;NA;2000;4;0;0;0;0;1;0;0;0;0;0;0;0;0;0;0;0;0;0;0;0;1;0;9,791666667
805;49;13,3;2;NA;1996;NA;0;0;0;0;0;0;0;0;0;0;0;1;0;0;0;0;0;0;0;0;1;0;9,428571429
806;50;6,9;3;5;1973;NA;0;0;0;0;0;0;0;0;0;0;0;0;0;0;0;0;1;0;0;0;1;0;7,8
807;51;4,1;2;2;2002;5;0;0;0;1;0;0;0;0;0;0;0;0;0;0;0;0;0;0;0;0;1;0;12,74509804
808;52;10,9;2;8;1981;4;0;0;0;0;0;0;0;0;0;0;0;1;0;0;0;0;0;0;0;0;1;0;6,980769231
809;53;7,5;3;3;1965;NA;0;0;0;0;0;1;0;0;0;0;0;0;0;0;0;0;0;0;0;0;1;0;6,79245283
810;53;3,9;2;NA;1953;4;0;0;0;1;0;0;0;0;0;0;0;0;0;0;0;0;0;0;1;0;0;0;8,490566038
811;55;10;3;10;1977;4;0;0;0;0;0;0;0;0;0;1;0;0;0;0;0;0;0;0;0;0;1;0;6,545454545
812;55;6,8;2;2;1961;5;0;0;0;0;0;1;0;0;0;0;0;0;0;0;0;0;0;0;1;0;0;0;8,272727273
813;56;10,7;3;NA;2001;NA;0;0;1;0;0;0;0;0;0;0;0;0;0;0;0;0;0;0;1;0;0;0;9,821428571
814;56;4,5;2;2;1992;4;0;0;0;1;0;0;0;0;0;0;0;0;0;0;0;0;0;0;0;0;1;0;9,464285714
815;57;9,6;2;4;2001;5;0;0;0;0;0;0;0;0;0;0;1;0;0;0;0;0;0;0;1;0;0;0;9,210526316
816;58;5,6;2;2;2004;5;0;0;0;0;0;1;0;0;0;0;0;0;0;0;0;0;0;0;0;0;1;0;8,103448276
817;60;5,6;2;6;2006;4;0;0;0;1;0;0;0;0;0;0;0;0;0;0;0;0;0;0;0;0;1;0;11,08333333
818;61;7;3;10;1988;2;0;0;1;0;0;0;0;0;0;0;0;0;0;0;0;0;0;0;0;0;1;0;6,885245902
819;63;1,4;2;1;1950;2;0;0;0;0;1;0;0;0;0;0;0;0;0;0;0;0;0;0;0;0;1;0;10,74603175
820;64;13,4;2;1;2005;5;0;0;0;0;0;0;0;0;0;0;0;1;0;0;0;0;0;0;1;0;0;0;10,9375
821;64;6,5;3;15;2007;4;0;0;0;0;0;1;0;0;0;0;0;0;0;0;0;0;0;0;0;0;1;0;9,84375
822;70;9,3;4;NA;1982;4;0;0;0;0;0;0;0;0;0;0;0;1;0;0;0;0;0;0;0;0;1;0;7,571428571
823;72;10,8;3;1;2001;5;0;0;0;0;0;0;0;0;0;0;0;1;0;0;0;0;0;0;1;0;0;0;11,36111111
824;76;12,9;3;3;2002;5;0;0;0;0;0;0;0;0;0;0;0;1;0;0;0;0;0;0;1;0;0;0;10,92105263
825;81;2,9;3;2;1946;5;0;0;0;0;0;0;0;0;1;0;0;0;0;0;0;0;0;0;1;0;0;0;12,71604938
826;81;8,7;2;NA;1998;4;0;0;0;0;0;1;0;0;0;0;0;0;0;0;0;0;0;0;1;0;0;0;3,716049383
827;83;6;3;2;1999;5;0;0;0;1;0;0;0;0;0;0;0;0;0;0;0;0;0;0;1;0;0;0;10,12048193
828;88;6,9;3;8;2007;3;0;0;0;1;0;0;0;0;0;0;0;0;0;0;0;0;0;0;1;0;0;0;10,68181818
829;105;12,2;5;3;1999;4;0;1;0;0;0;0;0;0;0;0;0;0;0;0;0;0;0;0;0;0;1;0;6,142857143
830;163;9,6;4;1;1995;5;0;0;0;0;0;0;0;0;0;0;0;1;0;0;0;0;0;0;0;0;1;0;9,202453988
831;18;5,3;1;3;2000;NA;0;0;0;0;1;0;0;0;0;0;0;0;0;0;0;0;0;0;0;0;1;0;9,333333333
832;19;2;1;9;1966;4;0;0;0;0;0;0;0;0;1;0;0;0;0;0;0;0;0;0;0;0;1;0;11
833;24;3,9;1;2;1980;NA;0;0;0;1;0;0;0;0;0;0;0;0;0;0;0;0;0;0;0;0;1;0;9,208333333
834;25;5;1;1;1960;2;0;0;0;1;0;0;0;0;0;0;0;0;0;0;0;0;0;0;1;0;0;0;8
835;28;2,6;1;5;1970;5;0;0;0;1;0;0;0;0;0;0;0;0;0;0;0;0;0;0;0;0;1;0;13,28571429
836;28;2,6;1;11;1968;4;0;0;0;1;0;0;0;0;0;0;0;0;0;0;0;0;0;0;0;0;1;0;11,98214286
837;28;3,2;1;3;1965;NA;0;0;0;0;0;0;0;0;0;0;0;0;0;0;0;0;1;0;0;0;1;0;9,107142857
838;29;8,1;1;3;2002;NA;1;0;0;0;0;0;0;0;0;0;0;0;0;0;0;0;0;0;0;0;1;0;10,31034483
839;30;6,2;2;6;1970;NA;0;0;0;0;0;0;0;0;0;0;0;0;0;0;0;0;1;0;0;0;1;0;8,166666667
840;32;7,2;1;NA;NA;NA;0;0;0;0;0;0;0;0;0;1;0;0;0;0;0;0;0;0;0;0;1;0;6,15625
841;33;7,1;1;9;1980;NA;0;0;0;0;0;1;0;0;0;0;0;0;0;0;0;0;0;0;0;0;1;0;8,787878788
842;35;2,7;2;4;1963;4;0;0;0;0;0;1;0;0;0;0;0;0;0;0;0;0;0;0;0;0;1;0;7,571428571
843;36;9,5;2;NA;1978;NA;1;0;0;0;0;0;0;0;0;0;0;0;0;0;0;0;0;0;0;0;1;0;6,805555556
844;36;9,5;2;3;1978;NA;1;0;0;0;0;0;0;0;0;0;0;0;0;0;0;0;0;0;0;0;1;0;8,611111111
845;38;9,2;2;NA;1972;NA;0;0;1;0;0;0;0;0;0;0;0;0;0;0;0;0;0;0;0;0;1;0;7,5
846;38;3,7;1;1;1939;4;0;0;0;0;0;0;0;0;1;0;0;0;0;0;0;0;0;0;1;0;0;0;9,473684211
847;38;7,8;2;6;2003;4;0;0;0;0;0;0;0;0;0;0;0;0;0;0;0;1;0;0;1;0;0;0;9,894736842
848;38;0,16;1;4;1955;2;0;0;0;0;0;0;0;0;1;0;0;0;0;0;0;0;0;0;1;0;0;0;9,552631579
849;39;10,9;2;4;2006;5;0;0;0;0;0;0;0;0;0;0;0;1;0;0;0;0;0;0;0;0;1;0;10,76923077
850;39;6,1;2;6;1969;NA;0;0;0;0;0;0;0;0;0;0;0;0;0;0;0;0;1;0;0;0;1;0;7,820512821
851;44;11,7;2;3;2000;NA;0;0;0;0;0;0;0;0;0;0;0;1;0;0;0;0;0;0;0;0;1;0;9,545454545
852;44;3,1;2;4;1963;4;0;0;0;1;0;0;0;0;0;0;0;0;0;0;0;0;0;0;0;0;1;0;8,181818182
853;45;9,5;2;6;1978;4;1;0;0;0;0;0;0;0;0;0;0;0;0;0;0;0;0;0;0;0;1;0;7,222222222
854;46;5,6;2;3;2000;4;0;0;0;0;0;1;0;0;0;0;0;0;0;0;0;0;0;0;1;0;0;0;6,52173913
855;47;6;3;3;1970;2;0;0;0;1;0;0;0;0;0;0;0;0;0;0;0;0;0;0;1;0;0;0;7,340425532
856;48;9,9;2;4;2001;NA;0;0;0;0;0;0;0;0;0;0;1;0;0;0;0;0;0;0;1;0;0;0;8,75
857;48;11,6;3;4;1980;NA;0;0;0;0;0;0;0;0;0;0;1;0;0;0;0;0;0;0;0;0;1;0;6,833333333
858;48;7,2;3;3;1980;NA;0;0;1;0;0;0;0;0;0;0;0;0;0;0;0;0;0;0;0;0;1;0;7,291666667
859;48;11,5;3;6;1977;NA;0;0;0;0;0;0;0;0;0;0;1;0;0;0;0;0;0;0;0;0;1;0;6,458333333
860;48;9,8;2;3;2000;NA;0;0;1;0;0;0;0;0;0;0;0;0;0;0;0;0;0;0;1;0;0;0;9,229166667
861;48;4,2;2;1;2007;3;0;0;0;1;0;0;0;0;0;0;0;0;0;0;0;0;0;0;1;0;0;0;10,75
862;48;12,9;2;2;2007;3;0;1;0;0;0;0;0;0;0;0;0;0;0;0;0;0;0;0;1;0;0;0;6,458333333
863;50;6;3;3;1956;NA;0;0;0;0;0;0;1;0;0;0;0;0;0;0;0;0;0;0;1;0;0;0;7,04
864;51;10,7;2;2;2001;NA;0;0;1;0;0;0;0;0;0;0;0;0;0;0;0;0;0;0;0;0;1;0;8,392156863
865;51;2,4;2;3;1937;NA;0;0;0;0;0;0;0;0;1;0;0;0;0;0;0;0;0;0;0;0;1;0;10,58823529
866;51;8,4;3;6;1975;4;1;0;0;0;0;0;0;0;0;0;0;0;0;0;0;0;0;0;0;0;1;0;6,862745098
867;51;8,1;2;4;2000;4;0;0;0;0;0;1;0;0;0;0;0;0;0;0;0;0;0;0;0;0;1;0;8,431372549
868;53;5,6;2;4;2007;NA;0;0;0;1;0;0;0;0;0;0;0;0;0;0;0;0;0;0;1;0;0;0;10,09433962
869;53;9,9;3;3;2003;3;0;0;0;0;0;0;0;0;0;0;1;0;0;0;0;0;0;0;0;0;1;0;9,339622642
870;58;12;3;NA;1986;4;0;0;0;0;0;0;0;0;0;0;0;1;0;0;0;0;0;0;0;0;1;0;7,655172414
871;62;2,8;2;2;1950;5;0;0;0;1;0;0;0;0;0;0;0;0;0;0;0;0;0;0;1;0;0;0;12,24193548
872;64;13,7;3;9;1992;2;0;1;0;0;0;0;0;0;0;0;0;0;0;0;0;0;0;0;0;0;1;0;5,625
873;64;7,5;4;4;1974;5;0;0;0;1;0;0;0;0;0;0;0;0;0;0;0;0;0;0;0;0;1;0;7,609375
874;71;6,7;3;9;1970;4;0;0;0;1;0;0;0;0;0;0;0;0;0;0;0;0;0;0;1;0;0;0;5,535211268
875;72;4,1;3;4;2007;3;0;0;0;1;0;0;0;0;0;0;0;0;0;0;0;0;0;0;1;0;0;0;11,94444444
876;74;11,5;4;5;1984;4;0;0;0;0;0;0;0;0;0;0;0;1;0;0;0;0;0;0;0;0;1;0;6,621621622
877;80;8,8;4;3;1985;NA;1;0;0;0;0;0;0;0;0;0;0;0;0;0;0;0;0;0;0;0;1;0;7,2375
878;80;13,1;3;3;2001;4;0;1;0;0;0;0;0;0;0;0;0;0;0;0;0;0;0;0;1;0;0;0;6,25
879;88;2,6;3;2;2001;5;0;0;0;0;0;0;0;0;1;0;0;0;0;0;0;0;0;0;1;0;0;0;10
880;112;7,5;4;4;1999;NA;0;0;1;0;0;0;0;0;0;0;0;0;0;0;0;0;0;0;0;0;1;0;6,696428571
881;20;2,6;1;2;1955;2;0;0;0;0;0;0;0;0;0;0;0;0;0;0;0;0;1;0;1;0;0;0;11
882;20;2,9;1;NA;2000;5;0;0;0;0;0;0;0;0;1;0;0;0;0;0;0;0;0;0;0;0;0;1;11,5
883;23;1,7;1;1;2000;5;0;0;0;0;0;0;0;0;1;0;0;0;0;0;0;0;0;0;1;0;0;0;11,30434783
884;24;4,4;1;3;1975;5;0;0;0;0;1;0;0;0;0;0;0;0;0;0;0;0;0;0;1;0;0;0;10
885;25;5,6;1;3;1970;2;0;0;0;0;0;0;1;0;0;0;0;0;0;0;0;0;0;0;0;0;1;0;7,2
886;25;3,7;1;2;1960;4;0;0;0;1;0;0;0;0;0;0;0;0;0;0;0;0;0;0;0;0;1;0;10,28
887;28;5,3;1;NA;1968;5;0;0;0;0;0;0;0;0;0;0;0;0;0;0;0;0;0;1;0;0;1;0;8,928571429
888;29;5,5;1;NA;2000;2;0;0;0;0;0;0;0;0;0;0;0;0;0;0;0;0;0;1;0;0;1;0;8,620689655
889;30;5,7;1;2;2000;5;0;0;0;0;0;0;1;0;0;0;0;0;0;0;0;0;0;0;1;0;0;0;8,5
890;31;12,9;2;1;2002;4;0;0;0;0;0;0;0;0;0;0;0;1;0;0;0;0;0;0;0;0;0;0;9,35483871
891;31;8,2;1;3;2005;NA;1;0;0;0;0;0;0;0;0;0;0;0;0;0;0;0;0;0;1;0;0;0;9,35483871
892;31;6,6;2;1;1984;NA;0;0;0;0;0;0;0;0;0;0;0;0;0;0;0;0;0;1;0;0;0;1;9,193548387
893;31;4,3;1;1;1955;2;0;0;0;0;0;0;0;0;0;0;0;0;0;0;0;0;1;0;1;0;0;0;7,419354839
894;32;5,6;1;NA;1991;NA;0;0;0;1;0;0;0;0;0;0;0;0;0;0;0;0;0;0;0;0;1;0;8,25
895;34;5,2;NA;3;1934;2;0;0;0;0;0;0;0;0;0;0;0;0;0;0;0;0;0;1;1;0;0;0;9,852941176
896;35;2,2;1;3;1954;5;0;0;0;0;0;0;0;0;1;0;0;0;0;0;0;0;0;0;1;0;0;0;10,14285714
897;35;7,1;2;2;1965;4;0;0;1;0;0;0;0;0;0;0;0;0;0;0;0;0;0;0;0;0;1;0;8,542857143
898;36;2,2;1;3;1908;2;0;0;0;0;1;0;0;0;0;0;0;0;0;0;0;0;0;0;1;0;0;0;10
899;36;6,3;2;NA;1965;2;0;0;0;0;0;1;0;0;0;0;0;0;0;0;0;0;0;0;0;0;1;0;7,333333333
900;37;9;2;2;1967;5;0;0;1;0;0;0;0;0;0;0;0;0;0;0;0;0;0;0;0;0;1;0;8,324324324
901;37;10,9;2;7;2007;NA;0;0;0;0;0;0;0;0;0;0;0;1;0;0;0;0;0;0;1;0;0;0;11,05405405
902;37;9,6;2;3;1975;2;0;0;0;0;0;0;1;0;0;0;0;0;0;0;0;0;0;0;0;0;1;0;7,027027027
903;38;12,1;2;3;2001;5;0;0;0;0;0;0;0;0;0;0;0;1;0;0;0;0;0;0;0;0;1;0;9,789473684
904;38;5,2;2;2;1964;2;0;0;0;0;0;0;0;0;0;0;0;0;0;0;0;0;0;1;0;0;1;0;9,921052632
905;41;11,7;2;1;2005;5;0;0;0;0;0;0;0;0;0;0;0;0;0;1;0;0;0;0;1;0;0;0;7,804878049
906;42;9,5;2;7;1976;2;0;0;1;0;0;0;0;0;0;0;0;0;0;0;0;0;0;0;0;0;0;1;7,761904762
907;44;13,3;2;5;1998;5;0;0;0;0;0;0;0;0;0;0;0;1;0;0;0;0;0;0;0;0;1;0;8,977272727
908;47;3;2;1;1950;4;0;0;0;1;0;0;0;0;0;0;0;0;0;0;0;0;0;0;1;0;0;0;9,468085106
909;48;2,1;3;10;1975;4;0;0;0;0;0;0;0;0;1;0;0;0;0;0;0;0;0;0;0;0;1;0;9,583333333
910;48;6,1;2;NA;NA;5;0;0;0;0;1;0;0;0;0;0;0;0;0;0;0;0;0;0;0;0;0;0;9,791666667
911;50;7,7;2;5;2006;5;1;0;0;0;0;0;0;0;0;0;0;0;0;0;0;0;0;0;1;0;0;0;12,8
912;50;7,6;2;8;1976;NA;0;0;0;0;0;0;0;0;0;0;0;0;0;0;1;0;0;0;0;0;1;0;7,24
913;55;10,3;2;2;2000;NA;0;0;0;0;0;0;0;0;0;0;0;1;0;0;0;0;0;0;0;0;1;0;9,127272727
914;56;15,4;3;2;2001;NA;0;1;0;0;0;0;0;0;0;0;0;0;0;0;0;0;0;0;1;0;0;0;7,142857143
915;58;9,1;3;4;1985;4;0;0;0;0;0;0;0;0;0;0;0;1;0;0;0;0;0;0;0;0;1;0;8,474137931
916;58;4,1;3;2;1955;NA;0;0;0;0;0;0;0;0;0;0;0;0;0;0;0;0;1;0;0;0;0;0;7,396551724
917;59;6,4;3;NA;2000;4;0;0;0;0;0;1;0;0;0;0;0;0;0;0;0;0;0;0;1;0;0;0;8,220338983
918;60;10,8;2;2;2000;3;0;0;0;0;0;0;0;0;0;0;0;1;0;0;0;0;0;0;0;0;0;1;8,833333333
919;62;4;3;3;1947;NA;0;0;0;1;0;0;0;0;0;0;0;0;0;0;0;0;0;0;0;0;0;0;8,870967742
920;63;13,7;3;5;1992;4;0;1;0;0;0;0;0;0;0;0;0;0;0;0;0;0;0;0;0;0;1;0;6,984126984
921;65;3,5;2;2;1936;5;0;0;0;1;0;0;0;0;0;0;0;0;0;0;0;0;0;0;1;0;0;0;10
922;65;2;2;3;1932;NA;0;0;0;0;0;0;0;0;1;0;0;0;0;0;0;0;0;0;1;0;0;0;7,615384615
923;67;13,2;3;NA;2004;NA;0;0;0;0;0;0;0;0;0;0;0;1;0;0;0;0;0;0;1;0;0;0;9,850746269
924;77;11,4;3;1;2002;5;0;0;0;0;0;0;0;0;0;0;0;0;1;0;0;0;0;0;1;0;0;0;10,12987013
925;77;7,7;3;NA;2005;NA;1;0;0;0;0;0;0;0;0;0;0;0;0;0;0;0;0;0;1;0;0;0;9,285714286
926;80;3,5;3;5;2004;NA;0;0;0;1;0;0;0;0;0;0;0;0;0;0;0;0;0;0;1;0;0;0;11,6875
927;82;10,9;3;NA;2003;NA;0;0;0;0;0;0;0;0;0;0;0;1;0;0;0;0;0;0;1;0;0;0;10,42682927
928;88;3;3;3;2001;5;0;0;0;1;0;0;0;0;0;0;0;0;0;0;0;0;0;0;1;0;0;0;13,63636364
929;97;2,6;3;10;2000;NA;0;0;0;0;0;0;0;0;1;0;0;0;0;0;0;0;0;0;0;0;1;0;13,81443299
930;100;1,7;3;4;1999;5;0;0;0;0;0;0;0;0;1;0;0;0;0;0;0;0;0;0;0;0;1;0;10,2
931;101;4;4;NA;1994;NA;0;0;0;0;1;0;0;0;0;0;0;0;0;0;0;0;0;0;1;0;0;0;6,089108911
932;115;5,6;5;3;1998;NA;0;0;0;0;1;0;0;0;0;0;0;0;0;0;0;0;0;0;0;0;1;0;8,860869565
933;19;4,3;1;1;1968;NA;0;0;0;0;1;0;0;0;0;0;0;0;0;0;0;0;0;0;0;0;1;0;10,78947368
934;22;3,9;1;1;1965;NA;0;0;0;1;0;0;0;0;0;0;0;0;0;0;0;0;0;0;1;0;0;0;9,545454545
935;27;1,2;1;5;1960;4;0;0;0;0;0;0;0;0;1;0;0;0;0;0;0;0;0;0;0;0;1;0;11,66666667
936;27;4,2;1;1;1972;2;0;0;0;1;0;0;0;0;0;0;0;0;0;0;0;0;0;0;0;0;1;0;7,037037037
937;31;1,8;1;6;1958;4;0;0;0;0;0;0;0;0;1;0;0;0;0;0;0;0;0;0;1;0;0;0;11,29032258
938;31;6,6;1;7;1975;4;0;0;0;1;0;0;0;0;0;0;0;0;0;0;0;0;0;0;1;0;0;0;8,419354839
939;31;4,3;1;1;NA;2;0;0;0;0;0;0;0;0;0;0;0;0;0;0;0;0;1;0;1;0;0;0;7,419354839
940;32;7,2;1;4;1983;2;0;0;0;0;0;0;0;0;0;1;0;0;0;0;0;0;0;0;1;0;0;0;6,5625
941;33;2,2;1;1;1954;2;0;0;0;0;0;0;0;0;1;0;0;0;0;0;0;0;0;0;1;0;0;0;8,636363636
942;33;3,4;1;3;2007;3;0;0;0;0;0;0;0;0;1;0;0;0;0;0;0;0;0;0;1;0;0;0;10,3030303
943;33;12,9;1;3;2003;5;0;1;0;0;0;0;0;0;0;0;0;0;0;0;0;0;0;0;1;0;0;0;8,181818182
944;33;11,2;1;1;2001;4;0;0;0;0;0;0;0;0;0;0;0;1;0;0;0;0;0;0;1;0;0;0;9,848484848
945;35;7,3;1;5;1978;2;0;0;0;0;0;0;0;0;0;1;0;0;0;0;0;0;0;0;0;0;1;0;6,828571429
946;36;9,5;2;1;1970;NA;1;0;0;0;0;0;0;0;0;0;0;0;0;0;0;0;0;0;0;0;1;0;7,638888889
947;37;4,4;2;4;1969;4;0;0;0;0;1;0;0;0;0;0;0;0;0;0;0;0;0;0;0;0;1;0;9,459459459
948;38;0,16;1;4;1952;4;0;0;0;0;0;0;0;0;1;0;0;0;0;0;0;0;0;0;1;0;0;0;9,552631579
949;38;4,8;2;2;1968;NA;0;0;0;0;0;1;0;0;0;0;0;0;0;0;0;0;0;0;0;0;1;0;7,473684211
950;38;3,9;2;5;1975;5;0;0;0;0;0;0;0;0;0;0;0;0;0;0;0;0;1;0;0;0;1;0;8,421052632
951;39;2,1;2;6;1970;4;0;0;0;0;0;0;0;0;0;0;0;0;0;0;0;0;1;0;0;0;1;0;8,333333333
952;41;11,7;2;1;NA;4;0;0;0;0;0;0;0;0;0;0;1;0;0;0;0;0;0;0;1;0;0;0;8,024390244
953;41;7,8;2;2;2002;5;0;0;0;0;0;0;0;0;0;0;0;0;0;0;0;1;0;0;1;0;0;0;9,390243902
954;42;9,5;2;7;NA;2;0;0;0;0;0;0;0;0;0;0;0;0;0;0;0;0;0;1;1;0;0;0;7,761904762
955;43;3,4;2;1;1955;2;0;0;0;0;1;0;0;0;0;0;0;0;0;0;0;0;0;0;1;0;0;0;7,511627907
956;44;2;2;4;1967;4;0;0;0;0;0;0;0;0;1;0;0;0;0;0;0;0;0;0;0;0;1;0;9,477272727
957;44;5,3;2;6;1965;4;0;0;0;0;0;0;0;0;0;0;0;0;0;0;0;0;0;1;0;0;1;0;9,204545455
958;45;9,1;2;5;1983;5;0;0;1;0;0;0;0;0;0;0;0;0;0;0;0;0;0;0;0;0;1;0;8,288888889
959;45;8,8;2;2;2007;3;1;0;0;0;0;0;0;0;0;0;0;0;0;0;0;0;0;0;1;0;0;0;9,111111111
960;46;6,9;2;NA;1974;5;0;0;0;0;0;1;0;0;0;0;0;0;0;0;0;0;0;0;0;0;1;0;7,217391304
961;46;5,3;2;4;1950;4;0;0;0;1;0;0;0;0;0;0;0;0;0;0;0;0;0;0;1;0;0;0;9,02173913
962;46;5,8;3;4;1979;NA;0;0;0;1;0;0;0;0;0;0;0;0;0;0;0;0;0;0;0;0;1;0;9,239130435
963;48;4,4;3;8;1960;4;0;0;0;0;0;1;0;0;0;0;0;0;0;0;0;0;0;0;1;0;0;0;9,375
964;48;7,5;2;NA;2003;5;1;0;0;0;0;0;0;0;0;0;0;0;0;0;0;0;0;0;1;0;0;0;10,20833333
965;49;5;2;10;1975;NA;0;0;0;0;1;0;0;0;0;0;0;0;0;0;0;0;0;0;1;0;0;0;8,265306122
966;49;13,2;2;NA;2006;5;0;1;0;0;0;0;0;0;0;0;0;0;0;0;0;0;0;0;1;0;0;0;6,734693878
967;49;4,9;2;10;1980;4;0;0;0;0;0;0;0;0;0;0;0;0;0;0;0;0;0;1;0;0;1;0;7,346938776
968;52;1,4;3;4;1953;4;0;0;0;0;0;0;0;0;1;0;0;0;0;0;0;0;0;0;1;0;0;0;9,038461538
969;52;5,6;3;3;1995;5;0;0;0;1;0;0;0;0;0;0;0;0;0;0;0;0;0;0;0;0;1;0;7,365384615
970;54;8,8;2;4;1985;4;1;0;0;0;0;0;0;0;0;0;0;0;0;0;0;0;0;0;0;0;1;0;7,092592593
971;57;0,35;3;1;1911;NA;0;0;0;0;0;0;0;0;1;0;0;0;0;0;0;0;0;0;1;0;0;0;10,87719298
972;57;6,5;2;12;2001;5;0;0;0;0;0;1;0;0;0;0;0;0;0;0;0;0;0;0;0;0;1;0;8,403508772
973;60;6,4;2;1;1994;4;0;0;0;0;0;0;0;0;0;0;0;0;0;0;0;0;1;0;1;0;0;0;8,8
974;64;12,9;3;NA;2003;5;0;1;0;0;0;0;0;0;0;0;0;0;0;0;0;0;0;0;1;0;0;0;6,71875
975;66;5,6;3;5;2005;5;0;0;0;0;0;1;0;0;0;0;0;0;0;0;0;0;0;0;1;0;0;0;9,848484848
976;69;6,4;3;3;2002;NA;1;0;0;0;0;0;0;0;0;0;0;0;0;0;0;0;0;0;1;0;0;0;9,231884058
977;71;1,2;2;5;NA;2;0;0;0;0;0;0;0;0;1;0;0;0;0;0;0;0;0;0;1;0;0;0;12,53521127
978;71;2,1;2;1;1926;NA;0;0;0;0;1;0;0;0;0;0;0;0;0;0;0;0;0;0;1;0;0;0;9,38028169
979;72;5,9;3;14;1985;5;0;0;0;0;0;1;0;0;0;0;0;0;0;0;0;0;0;0;0;0;1;0;6,041666667
980;73;8,1;3;2;2004;5;0;0;0;0;1;0;0;0;0;0;0;0;0;0;0;0;0;0;1;0;0;0;10,06849315
981;81;0,9;3;1;1948;2;0;0;0;0;0;0;0;0;1;0;0;0;0;0;0;0;0;0;1;0;0;0;21,60493827
982;86;7,5;4;3;2005;NA;1;0;0;0;0;0;0;0;0;0;0;0;0;0;0;0;0;0;1;0;0;0;8,139534884
983;89;11,4;3;NA;1938;4;0;0;0;0;0;0;0;0;0;0;1;0;0;0;0;0;0;0;1;0;0;0;5,561797753
984;102;7;3;1;2000;4;0;0;0;0;0;0;0;0;0;0;0;0;0;0;0;0;0;1;1;0;0;0;8,921568627
985;110;4,6;4;4;1993;4;0;0;0;0;0;1;0;0;0;0;0;0;0;0;0;0;0;0;0;0;1;0;6,427272727
986;117;1,2;3;2;1912;4;0;0;0;0;0;0;0;0;1;0;0;0;0;0;0;0;0;0;1;0;0;0;11,53846154
987;127;2,6;4;9;2000;5;0;0;0;0;0;0;0;0;1;0;0;0;0;0;0;0;0;0;1;0;0;0;8,543307087
988;130;5,1;3;4;2000;5;0;0;0;1;0;0;0;0;0;0;0;0;0;0;0;0;0;0;1;0;0;0;10,92307692
989;147;2,4;3;10;1999;5;0;0;0;0;0;0;0;0;1;0;0;0;0;0;0;0;0;0;0;0;1;0;11,56462585
990;160;4,2;4;5;2003;5;0;0;0;1;0;0;0;0;0;0;0;0;0;0;0;0;0;0;1;0;0;0;10,375